креветки,миндаль,авокадо,овощна€ смесь,зеленый виноград,цельнозернова€ мука,батат,творог,энергетический напиток,томатный сок,низкокалорийный йогурт,зеленый чай,мед,салат,минеральна€ вода,лосось,€годный сок,замороженный смузи,шпинат,оливковое масло
гамбургер,фрикадельки,€йца
чатни
индейка,авокадо
минеральна€ вода,молоко,энергетический батончик,рис,зеленый чай
низкокалорийный йогурт
цельнозерновые макароны,картофель-фри
суп,низкокалорийный крем,лук-шалот
замороженные овощи,макароны,зеленый чай
картофель-фри
€йца,корм дл€ животных
печенье
индейка,гамбургер,минеральна€ вода,€йца,растительное масло
макароны,шампанское,печенье
минеральна€ вода,лосось
минеральна€ вода
креветки,шоколад,курица,мед,масло,растительное масло,низкокалорийный йогурт
индейка,€йца
индейка,свежий тунец,помидоры,макароны,минеральна€ вода,черный чай,лосось,€йца,курица,темный шоколад
фрикадельки,молоко,мед,картофель-фри,протеиновый батончик
красное вино,креветки,макароны,перец,€йца,шоколад,шампунь
рис,газированна€ вода
макароны,минеральна€ вода,ветчина,дезодорант,блинчики,зеленый чай
гамбургер,тертый сыр,креветки,макароны,авокадо,мед,белое вино,зубна€ паста
€йца
пармезан,макароны,суп,авокадо,молоко,свежий хлеб
гов€жий фарш,макароны,минеральна€ вода,молоко,энергетический батончик,черный чай,лосось,замороженный смузи,эскалоп
газированна€ вода
минеральна€ вода,€йца,курица,шоколад,картофель-фри
замороженные овощи,макароны,батат,минеральна€ вода
травы и перец,томатный соус,низкокалорийный крем,журнал
минеральна€ вода,шоколад,авокадо,€йца
индейка,картофель-фри,клубника
замороженные овощи,сыр,шоколад
печенье
солень€,макароны,лосось,эскалоп
энергетический батончик,картофель-фри
красное вино,гов€жий фарш,минеральна€ вода
минеральна€ вода,торт,творог
солень€,шампанское,зеленый чай
макароны
свежий тунец,замороженные овощи,макароны,минеральна€ вода,мед,рис,замороженный смузи,эскалоп
макароны
суп,фрикадельки,хот-дог,газированна€ вода
эскалоп
суп,авокадо,картофель-фри,хот-дог,пирожные,дезодорант,блинчики,зеленый чай
минеральна€ вода,курица,хлопь€,аксессуары
минеральна€ вода,средство от насекомых
авокадо,маффины
гамбургер,черный чай,зеленый чай
макароны,шоколад,пирожные,белое вино,зеленый чай
свежий тунец,минеральна€ вода,€йца
макароны,маффины
макароны,шоколад
картофель-фри,эскалоп,шампанское
томатный соус,низкокалорийный майонез
индейка,свежий тунец,замороженные овощи,помидоры,гов€жий фарш,макароны,минеральна€ вода,шоколад,суп,молоко,оливковое масло
€йца,печенье
суп,курица,жевательна€ резинка,газированна€ вода,дезодорант,энергетический напиток,зеленый чай
индейка,замороженные овощи,минеральна€ вода,сидр,растительное масло,зеленый чай
макароны
аксессуары
энергетический напиток
суп,средство от насекомых,лук-шалот,протеиновый батончик,зеленый чай
индейка,€йца
картофель-фри
шоколад,молоко
травы и перец,цельнозерновые макароны,гов€жий фарш,минеральна€ вода,авокадо,сидр,рис
печенье
креветки,макароны
тертый сыр,травы и перец,помидоры,томатный соус,кукуруза
гамбургер,эскалоп,лук-шалот
печенье
йогурт
суп,€йца
печенье
минеральна€ вода,шоколад,низкокалорийный йогурт
€йца,клубника
тертый сыр,гов€жий фарш,макароны,минеральна€ вода,белое вино
м€та
€йца,торт,картофель-фри
гамбургер,макароны,молоко,картофель-фри,зеленый чай
минеральна€ вода,энергетический батончик,сливочное масло,картофель-фри
гамбургер,тертый сыр,травы и перец,минеральна€ вода,€йца,растительное масло
энергетический батончик
энергетический батончик,энергетический напиток
шоколад,замороженный смузи
низкокалорийный йогурт
спаржа,салат
гамбургер,картофель-фри,низкокалорийный йогурт,зеленый чай
низкокалорийный йогурт
гамбургер,травы и перец,креветки,макароны,макароны,минеральна€ вода,фрикадельки,оливковое масло,энергетический батончик,французское вино,€йца,соль
шампанское,низкокалорийный йогурт
шампанское
гамбургер,миндаль,€йца,картофель-фри,печенье,зеленый чай
ветчина,суп,эскалоп,дезодорант
индейка,ветчина,замороженные овощи,перец,масло,темный шоколад,чай,журнал
маффины,€йца,печенье
печенье
замороженные овощи,цельнозерновые макароны,гов€жий фарш,макароны,шоколад,зеленый чай
минеральна€ вода,соус дл€ барбекю,шоколад
гамбургер,травы и перец,энергетический батончик,миндаль,€йца,кукуруза,майонез,цукини
индейка,гамбургер,гов€жий фарш,шоколад,суп,миндаль,€йца,хот-дог,творог
ветчина,макароны,шоколад,€йца
гов€жий фарш,энергетический батончик,корм дл€ животных,морковь,протеиновый батончик
гов€жий фарш,томатный соус,макароны,минеральна€ вода,миндаль,€йца
минеральна€ вода,оливковое масло,жевательна€ резинка,растительное масло
креветки,макароны,минеральна€ вода,суп,авокадо,молоко,оливковое масло,зеленый виноград,€йца,средство от насекомых
креветки,макароны,суп,торт,растительное масло,курица,низкокалорийный майонез,низкокалорийный йогурт
макароны,минеральна€ вода,шоколад,картофель-фри,шампанское,эскалоп,грибной соус,свежий хлеб
креветки,макароны,минеральна€ вода,€йца
гамбургер,масло,томатный сок,свежий хлеб
французское вино,€йца,шоколад,низкокалорийный йогурт
курица,€йца,картофель-фри,блинчики
индейка,травы и перец,лосось,белое вино,конфеты
тертый сыр,макароны,оливковое масло,€йца,картофель-фри,зеленый чай
минеральна€ вода,энергетический батончик
€йца,картофель-фри
гамбургер,помидоры,минеральна€ вода,суп,молоко,миндаль,€йца,шоколад,томатный сок
маффины
макароны
помидоры,макароны,замороженный смузи
гов€жий фарш,макароны,молоко
картофель-фри
шоколад,молоко
гамбургер,креветки,макароны,замороженные овощи,макароны,минеральна€ вода,молоко,€йца,шоколад,картофель-фри,блинчики,низкокалорийный йогурт
гов€жий фарш,минеральна€ вода,€годный сок,протеиновый батончик
тертый сыр,цельнозерновые макароны,гов€жий фарш,макароны,торт,энергетический напиток
тертый сыр
блинчики
замороженный смузи
морковь,зеленый чай
шоколад
индейка,гамбургер,шоколад,оливковое масло,€йца,растительное масло,кукуруза
замороженные овощи,помидоры,перец,макароны,минеральна€ вода,блинчики,курица,чили,чай,картофель-фри,томатный сок,свежий хлеб
печенье
гов€жий фарш
индейка,€йца,шоколад,замороженный смузи,томатный сок
замороженные овощи,растительное масло,картофельное пюре
замороженные овощи,гов€жий фарш,томатный соус,минеральна€ вода,фрикадельки,оливковое масло,низкокалорийный крем,томатный сок
красное вино,макароны,минеральна€ вода,суп,молоко,€йца,торт,жевательна€ резинка,растительное масло,шоколад,замороженный смузи
шоколад,помидоры,макароны,минеральна€ вода,авокадо,молоко,оливковое масло,€йца,рис,картофель-фри,пирожные
шоколад,креветки,макароны,замороженные овощи,гов€жий фарш,минеральна€ вода,обезжиренное молоко,€йца
индейка,креветки,макароны,перец,макароны,минеральна€ вода,€йца,курица,картофель-фри
печенье
индейка,помидоры,торт
батат,минеральна€ вода,суп,молоко,блинчики,рис,соус дл€ барбекю,морковь,шоколад,шампанское
рис
шоколад,молоко
креветки,макароны,замороженные овощи,распылитель
гамбургер,минеральна€ вода,молоко,€йца,рис,м€та
минеральна€ вода,овощна€ смесь,торт,замороженный смузи,пирожные
печенье
креветки,макароны,курица,кекс
лук-шалот
креветки,макароны,макароны,€йца,хот-дог,зеленый чай
гамбургер
красное вино,гов€жий фарш,макароны,минеральна€ вода,молоко,оливковое масло,сыр,низкокалорийный крем,растительное масло
гамбургер,тертый сыр,макароны,авокадо,молоко,масло,картофель-фри
травы и перец,цельнозерновые макароны,гов€жий фарш,минеральна€ вода,оливковое масло
креветки,макароны,батат,молоко,шоколад
сливочное масло,зеленый чай
низкокалорийный майонез
низкокалорийный йогурт
травы и перец,креветки,макароны,макароны,молоко
гамбургер,€йца
индейка,травы и перец,гов€жий фарш,суп,авокадо,молоко,черный чай,€йца,соус дл€ барбекю,морковь,печенье,томатный сок,свежий хлеб
печенье
эскалоп
перец,картофель-фри,клубника,блинчики,низкокалорийный йогурт
замороженные овощи,батат,курица,мед,низкокалорийный майонез
шоколад,шампанское
травы и перец,мед,торт,рис,протеиновый батончик
гамбургер,шоколад,замороженные овощи,гов€жий фарш,минеральна€ вода,молоко,низкокалорийный майонез,спаржа
шоколад,минеральна€ вода,кукуруза,творог,зеленый чай
маффины
ветчина,французское вино,эскалоп
макароны,молоко,рис,м€тный зеленый чай
шоколад,дезодорант
замороженные овощи,картофель-фри,хот-дог
конфеты
гамбургер,креветки,макароны,молоко,зеленый чай,картофель-фри,печенье,белое вино
пармезан,гов€жий фарш
блинчики,рис,конфеты
€йца,баклажаны,печенье
замороженные овощи,минеральна€ вода
шоколад
индейка,макароны,молоко,рис,шоколад
цельнозерновые макароны,гов€жий фарш,макароны,суп,фрикадельки,курица,черника,растительное масло,шампанское,йогурт,протеиновый батончик
растительное масло,томатный сок
замороженные овощи,молоко,€йца,картофель-фри,зеленый чай
свежий тунец,макароны,оливковое масло,французское вино,€йца,картофель-фри,шампанское,блинчики,низкокалорийный майонез
красное вино,мед,хот-дог
молоко,бекон,€йца,картофель-фри,свежий хлеб
картофель-фри,йогурт
молоко
картофель-фри
шоколад
гамбургер,ветчина,красное вино
креветки,макароны,помидоры,энергетический батончик,французское вино,€годный сок,картофель-фри,замороженный смузи,пирожные
зеленый чай
низкокалорийный йогурт
индейка,макароны,минеральна€ вода,суп,шпинат,газированна€ вода,энергетический напиток,соль
индейка,€йца
средство от насекомых,хот-дог
масло
суп,энергетический батончик,курица,€йца,торт,картофель-фри,дезодорант,клубника
макароны,шоколад,йогурт
индейка,минеральна€ вода,фрикадельки
гов€жий фарш,минеральна€ вода,шоколад,белый сыр,бекон,хот-дог
замороженные овощи,минеральна€ вода,овощна€ смесь,эскалоп
травы и перец,красное вино,помидоры
цельнозерновые макароны,оливковое масло,хлопь€,пирожные,зеленый чай
печенье
оливковое масло,печенье,грибной соус
гов€жий фарш,блинчики,растительное масло,батончик без глютена,низкокалорийный майонез
минеральна€ вода,картофель-фри
травы и перец
лосось
€йца,эскалоп
минеральна€ вода,томатный сок
минеральна€ вода
креветки,минеральна€ вода,суп,черный чай
торт,замороженный смузи
индейка,гамбургер,тертый сыр,помидоры,шоколад,белый сыр,мед,рис
замороженные овощи,гов€жий фарш,минеральна€ вода,оливковое масло,блинчики
индейка,гамбургер,гов€жий фарш,молоко,оливковое масло,торт,свежий хлеб
цельнозерновые макароны,гов€жий фарш,макароны,батат,минеральна€ вода,суп,чатни,хлопь€,энергетический напиток,протеиновый батончик
€йца,рис,торт,зеленый чай,эскалоп
гов€жий фарш,батат,суп,авокадо,лосось,зеленый чай
молоко
макароны,шоколад
цельнозерновые макароны,мед
цельнозерновые макароны,зеленый чай
макароны,фрикадельки,овощна€ смесь,шоколад
€йца,низкокалорийный йогурт
свежий тунец,креветки,макароны,минеральна€ вода,оливковое масло,€йца,торт,пирожные,томатный сок
минеральна€ вода,зеленый виноград,хот-дог,свежий хлеб
замороженные овощи,фрикадельки,€йца,шоколад
шоколад
фрикадельки,молоко
низкокалорийный йогурт
зеленый чай
эскалоп,макароны
перец,шоколад,оливковое масло,французское вино,лосось,рис,низкокалорийный майонез,свежий хлеб,журнал
красное вино,французское вино,овощна€ смесь,рис,аксессуары,хот-дог,зеленый чай
гамбургер,десертное вино,макароны,курица,торт,протеиновый батончик,зеленый чай
французское вино,торт,свежий хлеб
гамбургер,замороженные овощи,сем€ льна,€йца
красное вино
перец,минеральна€ вода,энергетический батончик,зеленый виноград
молоко,€йца,торт,шоколад,картофель-фри,зеленый чай
картофель-фри
миндаль
гамбургер,минеральна€ вода,зеленый чай
молоко,блинчики
блинчики,€йца,соль,томатный сок
минеральна€ вода
ветчина,макароны,минеральна€ вода,оливковое масло
соль,томатный сок,свежий хлеб
макароны,грибной соус
макароны,минеральна€ вода,€йца,корм дл€ животных
замороженные овощи,макароны
энергетический напиток
маффины
индейка,молоко
печенье
шоколад
макароны,минеральна€ вода,€йца,растительное масло,шоколад,эскалоп
креветки,замороженные овощи,перец,макароны,зеленый чай
гамбургер,свежий тунец,красное вино,минеральна€ вода,картофель-фри,протеиновый батончик,низкокалорийный йогурт
блинчики,€йца,энергетический напиток,свежий хлеб
сыр,лосось,зеленый чай,картофель-фри,замороженный смузи,хот-дог
тертый сыр,креветки,макароны,помидоры,молоко,замороженный смузи,сэндвич
травы и перец,цельнозерновые макароны,оливковое масло,блинчики,€йца
макароны,€годный сок
шоколад,молоко,миндаль,€йца,клубника,белое вино
картофель-фри,клубника
минеральна€ вода
€йца
эскалоп
торт
цельнозерновые макароны,€годный сок,дезодорант,зеленый чай
минеральна€ вода,масло,замороженный смузи
картофель-фри,шампанское
шоколад,картофель-фри
замороженные овощи,макароны,€йца
хот-дог
шоколад,печенье
блинчики
креветки,сливочное масло,курица,лосось
шоколад,печенье,детска€ еда
перец,макароны,торт,шоколад,картофель-фри,свежий хлеб
авокадо,масло,хлопь€,картофель-фри
травы и перец,макароны,минеральна€ вода,шпинат,€йца,масло,растительное масло,зеленый чай,шампунь,томатный сок,низкокалорийный йогурт
травы и перец,замороженные овощи,гов€жий фарш,перец,макароны,м€тный зеленый чай,картофель-фри
картофель-фри
зеленый чай,томатный сок
€йца,рис,шоколад
тертый сыр,травы и перец,красное вино,макароны,минеральна€ вода,лосось,€йца,растительное масло,зеленый чай
картофель-фри,печенье,лук-шалот,томатный сок,свежий хлеб,низкокалорийный йогурт
гамбургер,свежий тунец,макароны,маффины,мед
травы и перец,гов€жий фарш,макароны,€йца,курица
тертый сыр,маффины,томатный сок,майонез
цельнозерновые макароны,батат,минеральна€ вода,маффины,замороженный смузи,хот-дог,энергетический напиток
гамбургер,макароны,суп,молоко,оливковое масло,лосось,€йца,черника
шоколад,шампанское,журнал
замороженные овощи,макароны,батат,минеральна€ вода,французское вино,зеленый виноград,рис,шоколад
томатный соус,шоколад
молоко,€йца
корм дл€ животных
йогурт
зеленый чай
эскалоп,макароны
травы и перец,гов€жий фарш
минеральна€ вода,мед,пирожные
индейка,€йца,торт,энергетический напиток
индейка,гамбургер,десертное вино,гов€жий фарш,суп,лосось,€йца,жевательна€ резинка,томатный сок,конфеты
макароны,минеральна€ вода,курица
индейка,гов€жий фарш,морковь,картофель-фри,дын€
минеральна€ вода,€йца,низкокалорийный йогурт
индейка,растительное масло,шампунь
макароны,хот-дог
шоколад,зеленый чай
тертый сыр,перец,минеральна€ вода,шоколад,€йца,торт,картофельное пюре,томатный сок
шоколад
макароны,оливковое масло,сыр,блинчики
красное вино,минеральна€ вода,суп,рис,печенье
красное вино,креветки,макароны
зеленый чай
минеральна€ вода,курица,картофель-фри,замороженный смузи
маффины
торт,шоколад
свежий тунец,помидоры,минеральна€ вода,суп,авокадо,фрикадельки,оливковое масло
индейка,картофель-фри
гамбургер,индейка,травы и перец,гов€жий фарш,блинчики,€йца,низкокалорийный крем,рис,шампанское,свежий хлеб
эскалоп
шоколад,эскалоп,свежий хлеб
ветчина,макароны,французское вино,овощна€ смесь,шоколад,картофель-фри
авокадо,низкокалорийный майонез
макароны,батат,сливочное масло,шоколад
энергетический батончик,€йца,картофель-фри
свежий тунец,соус дл€ барбекю,баклажаны
энергетический напиток
рис,картофель-фри,хот-дог,зеленый чай
минеральна€ вода,курица,зеленый чай
€йца,торт,грибной соус
эскалоп
€годный сок,эскалоп
креветки,макароны,картофель-фри
тертый сыр,макароны,лосось,томатный сок
макароны,зеленый чай
шампанское,протеиновый батончик
минеральна€ вода,авокадо,шоколад
помидоры,шампанское,зеленый чай
курица,картофель-фри,эскалоп
замороженные овощи,помидоры,€йца,зеленый чай,замороженный смузи,низкокалорийный майонез
гов€жий фарш,курица,сидр,зеленый виноград,мед,шоколад,картофель-фри,шампанское,замороженный смузи,эскалоп
картофель-фри,шампанское
минеральна€ вода,суп
замороженные овощи,макароны,молоко,шоколад,детска€ еда
мед,рис
рис,курица,томатный сок
блинчики
зеленый чай,протеиновый батончик,томатный сок,конфеты
картофель-фри
минеральна€ вода
эскалоп
тертый сыр,травы и перец,цельнозерновые макароны,батат,минеральна€ вода,бекон,обезжиренное молоко,шпинат
макароны,молоко
молоко,шоколад,белое вино
сэндвич
шоколад,низкокалорийный майонез
креветки,цельнозерновые макароны,макароны,фрикадельки,курица,замороженный смузи,томатный сок
красное вино,гов€жий фарш,макароны,минеральна€ вода,€йца
батат,дын€
макароны,растительное масло
картофель-фри
минеральна€ вода,молоко,шпинат,растительное масло,шоколад,замороженный смузи,хот-дог
томатный соус,молоко
креветки,сидр,€йца,картофель-фри
шампанское
салат
картофель-фри
замороженные овощи,минеральна€ вода,энергетический батончик,мед,рис,зеленый чай
картофель-фри,салат
мед,шоколад,картофель-фри,пирожные
зеленый чай,клубника,батончик без глютена
замороженные овощи,гов€жий фарш,минеральна€ вода,лосось,мед,темный шоколад,зеленый чай,грибной соус,батончик без глютена
тертый сыр,помидоры,минеральна€ вода,фрикадельки
креветки,шоколад,распылитель
индейка
индейка,€йца
индейка,замороженные овощи,помидоры,суп,сливочное масло,французское вино,блинчики,€йца,томатный сок,свежий хлеб,зеленый чай
макароны
молоко,замороженный смузи,низкокалорийный йогурт
гамбургер,минеральна€ вода,молоко,рис,хлопь€,шоколад,картофель-фри
минеральна€ вода
помидоры,минеральна€ вода,суп,торт,шоколад
минеральна€ вода
гов€жий фарш,макароны
перец,замороженный смузи
йогурт
красное вино,блинчики
конфеты
€йца,картофель-фри,низкокалорийный йогурт
печенье
печенье
макароны,суп,овощна€ смесь,шпинат,картофель-фри,эскалоп,цветна€ капуста,зубна€ паста
печенье
суп,оливковое масло,€йца,газированна€ вода,кукуруза
шоколад,замороженный смузи,низкокалорийный йогурт
макароны,минеральна€ вода,молоко,блинчики,шоколад,картофель-фри
минеральна€ вода
травы и перец,замороженные овощи,томатный соус,минеральна€ вода,суп,молоко,оливковое масло,миндаль
гамбургер,€йца
картофель-фри
замороженный смузи,творог
помидоры,минеральна€ вода,шоколад,низкокалорийный майонез
лосось,эскалоп,лук-шалот,клубника,свежий хлеб,низкокалорийный йогурт
энергетический батончик
красное вино,гов€жий фарш,макароны,блинчики,черника,масло,растительное масло,томатный сок
гов€жий фарш,макароны,минеральна€ вода,молоко,замороженный смузи,шампанское
печенье
лосось,эскалоп
печенье
низкокалорийный йогурт
€йца
красное вино,сливочное масло,хот-дог
помидоры,минеральна€ вода,суп,картофельное пюре
печенье
пармезан,гов€жий фарш,лосось,блинчики,шампанское
гов€жий фарш,батат,шоколад,оливковое масло,€йца
креветки,лосось,€йца,печенье,хот-дог
журнал,м€та
индейка,минеральна€ вода,€йца,растительное масло,темный шоколад,эскалоп
минеральна€ вода,грибной соус
тертый сыр,замороженные овощи,минеральна€ вода,суп,молоко,французское вино
шоколад,торт
гамбургер,соль,белое вино
энергетический напиток
оливковое масло,торт,энергетический напиток
гов€жий фарш,рис
€йца,картофель-фри
макароны,эскалоп,грибной соус
минеральна€ вода,белый сыр,рис,торт,картофель-фри
индейка,гамбургер,замороженные овощи,гов€жий фарш,минеральна€ вода,молоко,€йца,торт,низкокалорийный майонез
зеленый чай,творог
свежий тунец,€йца,шампанское
печенье
печенье
печенье
помидоры,минеральна€ вода,баклажаны
тертый сыр,помидоры,макароны,минеральна€ вода,суп,мед,курица,шоколад,картофель-фри
протеиновый батончик
травы и перец,красное вино,креветки,минеральна€ вода,соус дл€ барбекю,протеиновый батончик
гамбургер,ветчина,макароны,минеральна€ вода,молоко,€йца,картофель-фри,эскалоп,блинчики,низкокалорийный йогурт
картофель-фри
замороженные овощи,суп,молоко,€йца,рис,шоколад,эскалоп,дын€
макароны
травы и перец,креветки,суп,€йца,масло,растительное масло,энергетический напиток,протеиновый батончик,низкокалорийный йогурт
ветчина,тертый сыр,травы и перец,креветки,гов€жий фарш,макароны,минеральна€ вода,морковь
ветчина,красное вино,гов€жий фарш,батат,минеральна€ вода,шоколад,низкокалорийный йогурт
шоколад,картофель-фри,грибной соус,творог,низкокалорийный йогурт
€йца
торт,печенье
тертый сыр,минеральна€ вода,торт,кекс
помидоры,миндаль,торт,шампанское,низкокалорийный йогурт
травы и перец,креветки,замороженные овощи,молоко,сливочное масло,лосось,€йца,шоколад
травы и перец,креветки,цельнозерновые макароны,рис,курица,зеленый чай,цветна€ капуста
€йца,кукуруза
креветки,замороженные овощи,томатный соус,минеральна€ вода,шоколад,суп,оливковое масло,лосось,зелена€ фасоль,шампанское
ветчина,травы и перец,томатный соус,минеральна€ вода,зеленый виноград,€йца,жевательна€ резинка,низкокалорийный крем,масло,зеленый чай,м€та
энергетический батончик,торт,шоколад
травы и перец,креветки,макароны,€йца
свежий тунец,минеральна€ вода,мед,растительное масло
красное вино,минеральна€ вода,масло,кетчуп,чили,корм дл€ животных,баклажаны,зеленый чай,эскалоп,томатный сок,низкокалорийный йогурт
травы и перец,креветки,минеральна€ вода,блинчики,€йца,торт,черника,чай,замороженный смузи
гов€жий фарш,минеральна€ вода,протеиновый батончик
креветки,замороженные овощи,пармезан,макароны,лосось,морковь,замороженный смузи,макароны,картофельное пюре,лук-шалот,низкокалорийный майонез,журнал
молоко,шоколад
замороженные овощи,гов€жий фарш,макароны,оливковое масло,рис,баклажаны,творог
индейка,гов€жий фарш,низкокалорийный йогурт
травы и перец,макароны,минеральна€ вода,рис,торт,хот-дог,зеленый чай
зеленый чай
печенье
€йца,печенье
макароны,€йца,ветчина,шоколад,картофель-фри,шампанское,пирожные,блинчики,низкокалорийный майонез
красное вино,макароны,молоко,€йца,шоколад
индейка,гамбургер,блинчики,картофель-фри,клубника,зеленый чай
эскалоп
замороженные овощи,блинчики,€йца,торт
картофель-фри
индейка,гов€жий фарш,перец,макароны,мед,печенье
шоколад,красное вино,томатный соус,оливковое масло,чили,картофель-фри,печенье,соль,свежий хлеб,журнал
зеленый чай,картофель-фри
минеральна€ вода
растительное масло
замороженные овощи,макароны
ветчина,макароны
курица,шоколад,печенье
низкокалорийный йогурт
€йца,торт,низкокалорийный йогурт
креветки,макароны,минеральна€ вода,суп,молоко,ежевика,замороженный смузи,творог
минеральна€ вода,€йца,протеиновый батончик
индейка,креветки,фрикадельки,сливочное масло,€йца,салат,зеленый чай
свежий тунец,макароны,шоколад,оливковое масло,курица,картофель-фри
индейка,креветки,эскалоп,хот-дог
гамбургер,перец,суп,молоко,блинчики,зеленый чай
блинчики
минеральна€ вода,блинчики,€йца,картофель-фри
€йца,эскалоп,низкокалорийный йогурт
минеральна€ вода,французское вино,батончик без глютена
гамбургер,гов€жий фарш,макароны,€йца,картофель-фри
суп,фрикадельки,молоко,энергетический батончик
шоколад
травы и перец
индейка,красное вино,минеральна€ вода,€йца,ежевика
гамбургер,ветчина,замороженные овощи,помидоры,торт,курица,зеленый чай,зубна€ паста,м€та
тертый сыр,минеральна€ вода,оливковое масло,энергетический батончик
молоко,торт,зеленый чай
минеральна€ вода,миндаль,растительное масло,хлопь€,протеиновый батончик,белое вино,зеленый чай
индейка,свежий тунец,минеральна€ вода,молоко,€йца,торт,соус дл€ гамбургеров,курица,картофель-фри,замороженный смузи,свежий хлеб
травы и перец,минеральна€ вода,рис,йогурт,низкокалорийный йогурт
помидоры,макароны,фрикадельки,курица,€йца
гамбургер,минеральна€ вода,€йца,зеленый чай,блинчики
торт,зеленый чай
шоколад,травы и перец,йогурт
гов€жий фарш,макароны,минеральна€ вода,миндаль,лосось,обезжиренное молоко,зеленый виноград,блинчики
минеральна€ вода,овощна€ смесь,€йца
протеиновый батончик
€йца,баклажаны
майонез
молоко,средство от насекомых,овс€на€ каша,сэндвич,спаржа
замороженные овощи,суп,миндаль,€йца,картофель-фри
замороженные овощи
суп,сливочное масло,шампунь
травы и перец,цельнозерновые макароны,перец,€йца
минеральна€ вода,рис,рис,растительное масло,шоколад,свежий хлеб,низкокалорийный йогурт
тертый сыр,сливочное масло,шоколад,картофель-фри,печенье
макароны,суп,молоко,чатни,растительное масло,спаржа,томатный сок
€йца,картофель-фри,замороженный смузи,печенье,шампанское,творог,зеленый чай
индейка,помидоры,минеральна€ вода,€йца,черника
молоко,томатный сок,низкокалорийный йогурт,зеленый чай
минеральна€ вода,суп,миндаль,хлопь€,зеленый чай
шоколад,низкокалорийный майонез
индейка,травы и перец,шоколад
€йца,картофель-фри,зеленый чай
минеральна€ вода,торт,шоколад,томатный сок
€йца
шоколад,перец,макароны,минеральна€ вода,рис,шампанское,грибной соус
замороженные овощи,перец,минеральна€ вода,шоколад,белое вино
гамбургер,индейка,макароны,молоко,рис,масло,томатный сок,зеленый чай
гамбургер,макароны,минеральна€ вода,суп,французское вино,картофель-фри,низкокалорийный майонез,низкокалорийный йогурт
сливочное масло,зеленый виноград,замороженный смузи,низкокалорийный йогурт
€йца,низкокалорийный йогурт
печенье
молоко,энергетический напиток
оливковое масло,энергетический напиток
€йца,печенье
€йца
энергетический батончик,€йца
€йца
€йца,зеленый чай
эскалоп
креветки,суп,молоко,миндаль,€йца,масло,шоколад
шоколад,картофель-фри
торт
блинчики,€йца,торт,зеленый чай,зубна€ паста
травы и перец,помидоры,гов€жий фарш,€йца,растительное масло
сидр,€йца,шоколад,низкокалорийный йогурт
замороженные овощи,сидр,€йца,картофель-фри
батат,печенье,зубна€ паста
минеральна€ вода,молоко,эскалоп,шампанское,хот-дог,свежий хлеб
ветчина,травы и перец,макароны,минеральна€ вода,шоколад,блинчики,€йца
перец,минеральна€ вода,эскалоп,лук-шалот,протеиновый батончик,белое вино
индейка,пармезан,макароны,фрикадельки,сливочное масло
травы и перец,€йца,эскалоп
травы и перец
гамбургер,эскалоп,лук-шалот
шоколад,перец,томатный соус,томатный сок
печенье
гамбургер,гов€жий фарш,макароны,минеральна€ вода,эскалоп,дын€
замороженные овощи,минеральна€ вода,суп,молоко,оливковое масло
индейка,€йца,картофель-фри,спаржа,низкокалорийный йогурт,цукини
гамбургер,замороженные овощи,жевательна€ резинка
травы и перец,замороженные овощи,гов€жий фарш,молоко
замороженные овощи,торт,низкокалорийный крем,картофельное пюре
молоко
индейка,€йца,соус дл€ барбекю
эскалоп
пармезан,картофель-фри
энергетический батончик,€йца
суп,эскалоп,м€та
маффины,курица,цукини
гамбургер,€йца,картофель-фри,печенье,зеленый чай
макароны
авокадо,энергетический батончик,шоколад
печенье
зеленый чай
цельнозерновые макароны,макароны,минеральна€ вода,оливковое масло
тертый сыр,замороженные овощи,€йца,жевательна€ резинка,эскалоп,низкокалорийный йогурт
тертый сыр,травы и перец,минеральна€ вода,блинчики,шоколад,эскалоп,томатный сок
шоколад,макароны,батат,сем€ льна,лосось,замороженный смузи
соус дл€ гамбургеров,масло
€йца,картофель-фри,энергетический напиток
минеральна€ вода
тертый сыр,гов€жий фарш,минеральна€ вода,оливковое масло
€йца,низкокалорийный йогурт
пармезан,макароны,газированна€ вода,корм дл€ животных,белое вино
индейка,креветки,оливковое масло,курица,€йца,темный шоколад,дын€,свежий хлеб
солень€,гов€жий фарш,батат,молоко,сыр,лосось,маффины,картофель-фри,эскалоп
перец,макароны,низкокалорийный крем
замороженные овощи,минеральна€ вода,€йца
макароны,курица,чай,блинчики,батончик без глютена
свежий тунец,индейка,травы и перец,макароны,минеральна€ вода,м€та
макароны,минеральна€ вода,растительное масло,эскалоп
суп
гамбургер,травы и перец,макароны
печенье,лук-шалот,клубника
свежий тунец,шоколад,креветки,цельнозерновые макароны,перец,минеральна€ вода,суп,молоко,лосось
батат,минеральна€ вода,авокадо,молоко,сливочное масло,растительное масло,шоколад,творог
ветчина,€йца,картофель-фри,энергетический напиток
минеральна€ вода,авокадо
печенье
шоколад,сливочное масло,€йца,зеленый чай,творог,майонез
€йца,грибной соус,низкокалорийный йогурт
€годный сок,шоколад
гов€жий фарш,макароны,картофель-фри,зеленый чай
торт
индейка,красное вино,минеральна€ вода,блинчики,€йца,рис,растительное масло,шоколад,цукини
шоколад,пармезан,минеральна€ вода,оливковое масло,бекон
зеленый виноград,жевательна€ резинка
креветки,замороженные овощи,пармезан,молоко,€йца,растительное масло,шоколад,картофель-фри
гов€жий фарш,минеральна€ вода,молоко,€йца
эскалоп
индейка,печенье
гов€жий фарш,минеральна€ вода,шоколад,зеленый чай
цельнозерновые макароны,макароны,оливковое масло,сливочное масло,шоколад,картофель-фри,томатный сок,низкокалорийный йогурт
красное вино
замороженные овощи,минеральна€ вода,€йца,жевательна€ резинка,растительное масло,замороженный смузи,творог,низкокалорийный йогурт
индейка,тертый сыр,энергетический батончик,овощна€ смесь,пирожные
индейка,гамбургер,обезжиренное молоко,растительное масло,энергетический напиток
картофель-фри,низкокалорийный йогурт
маффины
травы и перец,минеральна€ вода,лосось,рис,торт,зеленый чай
минеральна€ вода,торт,шоколад,низкокалорийный йогурт,конфеты
тертый сыр,минеральна€ вода,шоколад,суп,молоко,оливковое масло,низкокалорийный крем,курица
минеральна€ вода,клубника
эскалоп
тертый сыр,пармезан,сливочное масло,рис,растительное масло
гов€жий фарш,м€та
печенье
гов€жий фарш,авокадо,молоко,курица,рис
замороженные овощи,суп,€йца,низкокалорийный йогурт
травы и перец,гов€жий фарш,макароны,минеральна€ вода,шоколад,черный чай,французское вино,блинчики,рис,зеленый чай,зубна€ паста
креветки,пармезан,минеральна€ вода,€йца,торт,масло,растительное масло,зубна€ паста,низкокалорийный йогурт
ветчина,травы и перец,замороженные овощи,помидоры,макароны,оливковое масло,черный чай,овощна€ смесь,растительное масло,зеленый чай,замороженный смузи,м€та
курица,сидр,€йца
креветки,томатный соус,минеральна€ вода,шоколад,эскалоп,м€та
энергетический напиток
ветчина,макароны,минеральна€ вода,энергетический батончик,€йца,растительное масло,блинчики,свежий хлеб,низкокалорийный йогурт
креветки,замороженные овощи,помидоры
индейка,травы и перец,замороженные овощи,гов€жий фарш,батат,минеральна€ вода,лосось
креветки,минеральна€ вода
индейка,гов€жий фарш,макароны,суп,эскалоп,йогурт
креветки,перец,минеральна€ вода,суп,молоко,€йца,рис,соус дл€ барбекю,аксессуары,печенье
гамбургер,блинчики
низкокалорийный йогурт
минеральна€ вода,молоко
молоко
шоколад
цельнозерновые макароны,минеральна€ вода,оливковое масло,блинчики
батат,минеральна€ вода,€йца,торт
индейка,картофель-фри
креветки,макароны,батат,минеральна€ вода,шоколад,оливковое масло,низкокалорийный крем,курица,зеленый чай,картофель-фри,сэндвич,белое вино
минеральна€ вода,молоко,лосось,зеленый чай,печенье,свежий хлеб
макароны,оливковое масло
травы и перец,макароны
макароны,минеральна€ вода,суп,лосось,блинчики,курица,м€тный зеленый чай,низкокалорийный йогурт
замороженные овощи,цельнозерновые макароны,гов€жий фарш,минеральна€ вода,шоколад,молоко,оливковое масло,миндаль,французское вино,йогурт,свежий хлеб
зеленый чай
гамбургер,тертый сыр,макароны,обезжиренное молоко,€йца,жевательна€ резинка,шоколад,томатный сок,низкокалорийный йогурт
ветчина,гов€жий фарш,оливковое масло,энергетический батончик,курица,пирожные,белое вино
цельнозерновые макароны,минеральна€ вода,оливковое масло,растительное масло,замороженный смузи,зеленый чай
овощна€ смесь,шампанское
оливковое масло
травы и перец,гов€жий фарш,эскалоп,блинчики,зеленый чай
травы и перец,замороженные овощи,гов€жий фарш,томатный соус,макароны,минеральна€ вода,молоко,французское вино,€йца,рис,шоколад,эскалоп,хот-дог,зеленый чай
батат,морковь
курица
индейка,гамбургер,травы и перец,гов€жий фарш,батат,минеральна€ вода,авокадо,молоко,миндаль,маффины,€йца,картофель-фри
цельнозерновые макароны,лосось,€годный сок,м€тный зеленый чай
шоколад,картофель-фри,клубника,свежий хлеб
гамбургер,шоколад,креветки,цельнозерновые макароны,гов€жий фарш,суп,энергетический батончик,спаржа
минеральна€ вода,сливочное масло,блинчики,картофель-фри,замороженный смузи,белое вино,низкокалорийный йогурт
маффины,€йца
индейка,креветки,замороженные овощи,€йца
гамбургер,€йца,йогурт
гамбургер,свежий тунец,креветки,замороженные овощи,цельнозерновые макароны,батат,минеральна€ вода,оливковое масло,миндаль,торт,курица,темный шоколад
травы и перец,гов€жий фарш,минеральна€ вода,курица
замороженный смузи
курица,томатный сок
цельнозерновые макароны,оливковое масло
молоко,энергетический батончик,зеленый чай
тертый сыр,травы и перец
эскалоп,зеленый чай
суп,фрикадельки,молоко,миндаль,зеленый чай
травы и перец,корм дл€ животных,печенье
тертый сыр,цельнозерновые макароны,оливковое масло,энергетический батончик,низкокалорийный крем,масло,картофель-фри,блинчики,низкокалорийный йогурт
мед
пармезан,минеральна€ вода,белый сыр,€йца,мед,замороженный смузи
ежевика,цукини
гов€жий фарш,перец,молоко,€йца,зеленый чай,шоколад,белое вино
шоколад,красное вино,сливочное масло,картофель-фри,печенье,низкокалорийный йогурт
шоколад,макароны,средство от насекомых
печенье
макароны,минеральна€ вода,овощна€ смесь,€йца,рис,свежий хлеб
шоколад,тертый сыр,минеральна€ вода,лосось,рис,соус дл€ гамбургеров,эскалоп,грибной соус,низкокалорийный йогурт
макароны,шампанское
замороженные овощи,минеральна€ вода
минеральна€ вода,дезодорант,низкокалорийный йогурт
травы и перец,красное вино,цельнозерновые макароны,торт,томатный сок
гамбургер,пармезан,€йца,картофель-фри,хот-дог
минеральна€ вода,€йца,блинчики
€йца,картофель-фри
креветки,замороженные овощи,помидоры,макароны
минеральна€ вода,миндаль,блинчики,шоколад,картофель-фри,зеленый чай
торт,картофель-фри,эскалоп
замороженные овощи,макароны,минеральна€ вода,молоко,черный чай,французское вино,сидр,чатни,лосось
миндаль,торт,низкокалорийный йогурт
картофель-фри
хот-дог
минеральна€ вода,суп,курица,низкокалорийный крем,зеленый чай,шоколад,шампанское,низкокалорийный йогурт
гов€жий фарш,оливковое масло
картофель-фри,печенье,зеленый чай
суп,черника,растительное масло,шоколад,печенье,шампанское,соль
шоколад,картофель-фри,замороженный смузи,эскалоп,свежий хлеб
батат,м€та
замороженные овощи,гов€жий фарш,лосось,маффины,шоколад,журнал
свежий тунец,травы и перец,пармезан,молоко,оливковое масло,блинчики,мед,торт,шоколад
тертый сыр,креветки,сливочное масло,рис,картофель-фри,эскалоп,печенье,творог
энергетический батончик,€йца,картофель-фри,шампанское,дезодорант
гамбургер,€йца,картофель-фри
гамбургер,креветки,минеральна€ вода,молоко,€йца,шоколад,картофель-фри,свежий хлеб
гов€жий фарш,минеральна€ вода,шоколад,молоко,курица,обезжиренное молоко,зеленый чай
минеральна€ вода,курица
индейка,гов€жий фарш,макароны,молоко,€йца,торт
картофель-фри,зеленый чай
картофель-фри,эскалоп
индейка,газированна€ вода
цельнозерновые макароны,минеральна€ вода,оливковое масло,морковь,протеиновый батончик,низкокалорийный йогурт
печенье
индейка,тертый сыр,мед,зелена€ фасоль,картофель-фри
индейка,красное вино,минеральна€ вода,шоколад,суп,низкокалорийный крем,рис,масло,курица,соус дл€ барбекю
индейка,€йца
низкокалорийный йогурт
обезжиренное молоко,низкокалорийный йогурт
замороженные овощи,низкокалорийный йогурт
травы и перец,пармезан,цельнозерновые макароны,минеральна€ вода,молоко,€йца,низкокалорийный йогурт,м€та
йогурт,м€та
сэндвич,соль
креветки,свежий хлеб,зеленый чай
перец,томатный соус,эскалоп
минеральна€ вода,торт,протеиновый батончик,зубна€ паста
конфеты
красное вино
макароны,минеральна€ вода,мед,клубника
минеральна€ вода,€йца,зеленый чай
тертый сыр,замороженные овощи,пармезан,французское вино,картофель-фри,свежий хлеб,зеленый чай
замороженные овощи,пармезан,цельнозерновые макароны,макароны,минеральна€ вода,шоколад,авокадо,молоко,оливковое масло,маффины,торт
шоколад,тертый сыр,креветки,макароны,оливковое масло,мед,клубника,м€та
макароны,клубника
гамбургер,шоколад,грибной соус
минеральна€ вода,оливковое масло,темный шоколад
€йца,зеленый чай
томатный сок
маффины,низкокалорийный йогурт
суп,оливковое масло,блинчики,низкокалорийный крем,шампанское,низкокалорийный йогурт
минеральна€ вода,овощна€ смесь,низкокалорийный йогурт
перец,минеральна€ вода,авокадо,блинчики,€йца,мед,зеленый чай,шоколад
солень€,гамбургер,миндаль,мед,замороженный смузи
средство от насекомых,аксессуары,творог
замороженные овощи,гов€жий фарш,макароны,блинчики,мед,рис,зелена€ фасоль,картофель-фри,замороженный смузи,картофельное пюре
макароны,минеральна€ вода,молоко
блинчики
маффины
замороженные овощи,масло,хлопь€
индейка,креветки,минеральна€ вода,молоко,миндаль,сыр,торт,замороженный смузи
шоколад,рис,баклажаны,протеиновый батончик,цукини
макароны,фрикадельки,обезжиренное молоко,хот-дог
замороженные овощи,торт,печенье,блинчики
сливочное масло,средство от насекомых,картофель-фри,йогурт,зеленый чай
травы и перец
суп,молоко,сидр,курица,зелена€ фасоль
креветки,макароны,минеральна€ вода,авокадо,молоко,лосось,замороженный смузи,эскалоп,хот-дог
молоко,рис,эскалоп,шампанское
эскалоп,макароны,грибной соус
пармезан
тертый сыр,макароны,картофель-фри
гамбургер,креветки,цельнозерновые макароны,макароны,минеральна€ вода,молоко,оливковое масло,курица,лосось,блинчики,торт
индейка,шоколад,тертый сыр,замороженные овощи,гов€жий фарш,макароны,молоко,сливочное масло,бекон,рис
индейка,перец,шоколад,белый сыр,€йца,зеленый чай,эскалоп
помидоры,гов€жий фарш,авокадо,молоко,блинчики,зеленый чай
индейка,минеральна€ вода,зеленый чай,протеиновый батончик
минеральна€ вода,низкокалорийный йогурт
блинчики,томатный сок,конфеты
батат,авокадо,бекон,масло,картофель-фри,пирожные,блинчики,цукини,зеленый чай
креветки,макароны,минеральна€ вода,суп,молоко,оливковое масло,курица,торт,соус дл€ гамбургеров,масло
курица,растительное масло,чай
гамбургер,суп,овощна€ смесь,блинчики,дезодорант,дын€,протеиновый батончик,спаржа,майонез,м€та,зеленый чай
креветки,перец
макароны,оливковое масло,черника
маффины
тертый сыр,травы и перец,маффины,€йца,низкокалорийный йогурт
тертый сыр,замороженные овощи,макароны,молоко,жевательна€ резинка,низкокалорийный крем,растительное масло,батончик без глютена
перец,блинчики,картофель-фри,томатный сок
замороженные овощи,помидоры,пармезан,гов€жий фарш,томатный соус,молоко,темный шоколад,дын€,м€та,зеленый чай
оливковое масло,курица,шоколад,печенье,зеленый чай
цельнозерновые макароны,гов€жий фарш,макароны,шоколад,французское вино,блинчики,€йца,замороженный смузи,сэндвич,томатный сок
€йца,творог
маффины,творог
зеленый чай,замороженный смузи,белое вино
минеральна€ вода,шоколад,рис,шампанское
минеральна€ вода
креветки,цельнозерновые макароны,фрикадельки,молоко
травы и перец,пармезан,гов€жий фарш,перец,макароны,крем,черный чай,миндаль,французское вино,блинчики,€йца
тертый сыр,креветки,пармезан,гов€жий фарш,минеральна€ вода,м€та
минеральна€ вода,рис
блинчики
минеральна€ вода,мед
гамбургер,гов€жий фарш,блинчики,соль
пармезан,газированна€ вода,картофель-фри,пирожные
рис
гов€жий фарш,макароны,курица,рис,масло,растительное масло,хот-дог,м€та
сливочное масло,шоколад
перец
травы и перец,шоколад,шампанское,йогурт,зеленый чай
тертый сыр,минеральна€ вода,€йца,эскалоп
печенье,йогурт,низкокалорийный майонез,зеленый чай
молоко,растительное масло
молоко,оливковое масло,низкокалорийный крем,растительное масло,курица,темный шоколад,хлопь€,картофель-фри,замороженный смузи,блинчики,томатный сок,свежий хлеб,низкокалорийный йогурт
помидоры,суп,авокадо,молоко,йогурт,энергетический напиток,низкокалорийный йогурт,зеленый чай
ветчина,шоколад,гов€жий фарш,минеральна€ вода,масло
зеленый чай,шампанское,эскалоп
шоколад
эскалоп,макароны
гамбургер,минеральна€ вода,оливковое масло,рис,€годный сок,замороженный смузи
зеленый чай
тертый сыр,томатный соус,макароны,молоко,блинчики,энергетический напиток,белое вино
индейка,макароны,сыр,клубника
маффины
гов€жий фарш,макароны,сидр,растительное масло,печенье
гамбургер,замороженные овощи,пармезан,макароны,белый сыр,овощна€ смесь,блинчики,мед,хот-дог,низкокалорийный йогурт
гов€жий фарш
зелена€ фасоль
замороженные овощи,минеральна€ вода,мед,рис,шампанское,эскалоп
пармезан,молоко,сливочное масло,черный чай,€йца,замороженный смузи,низкокалорийный майонез,шампунь,низкокалорийный йогурт,зеленый чай
минеральна€ вода,торт
индейка,минеральна€ вода,молоко,блинчики,рис,растительное масло,замороженный смузи,печенье,зеленый чай
авокадо,шоколад,картофель-фри
зеленый чай
шоколад,€йца,средство от насекомых
тертый сыр,маффины,картофель-фри,дезодорант
минеральна€ вода,€йца,черника,газированна€ вода,эскалоп
рис
обезжиренное молоко,печенье,грибной соус
картофель-фри,шампанское
минеральна€ вода,лосось
оливковое масло
индейка,помидоры,гов€жий фарш,суп,молоко,сливочное масло,мед,торт,м€тный зеленый чай,пирожные,соль
пармезан,макароны,минеральна€ вода,шоколад,салфетки,низкокалорийный йогурт
гамбургер,пармезан,шоколад,суп,молоко,оливковое масло,энергетический батончик,сливочное масло,миндаль,белый сыр,€йца,торт,блинчики
креветки,мед,макароны,энергетический напиток,зеленый чай
свежий тунец,шоколад,молоко,французское вино,маффины,блинчики,шампанское,замороженный смузи
клубника
травы и перец
травы и перец,замороженные овощи,помидоры,пармезан,гов€жий фарш,белый сыр,€йца,мед,торт,рис,хлопь€,картофель-фри,шампанское
макароны,минеральна€ вода,молоко,сыр,хлопь€,эскалоп,творог
индейка,гамбургер,свежий тунец,макароны,блинчики,€йца,торт,творог,энергетический напиток,батончик без глютена
баклажаны
гамбургер,макароны,минеральна€ вода,миндаль,мед,темный шоколад,морковь,картофельное пюре
шоколад,картофель-фри,замороженный смузи,творог,клубника,низкокалорийный майонез
сыр
шоколад,картофель-фри
шоколад,картофель-фри,клубника
индейка,замороженные овощи,авокадо,торт,низкокалорийный крем,растительное масло,курица,кекс,картофельное пюре
оливковое масло,энергетический батончик,лук-шалот
индейка,креветки
шоколад,макароны,шампанское,йогурт
креветки,минеральна€ вода,шоколад,авокадо,сливочное масло,цукини,зеленый чай
маффины,зеленый чай,пирожные
йогурт
индейка,томатный соус,молоко,сливочное масло,бекон,лосось,растительное масло,шоколад,картофель-фри,хот-дог,дын€,протеиновый батончик,м€та
тертый сыр
сливочное масло,соус дл€ гамбургеров,пирожные,блинчики
сливочное масло,блинчики,рис,зеленый чай,картофель-фри,печенье,лук-шалот,низкокалорийный йогурт
креветки,шоколад,сливочное масло,растительное масло,эскалоп
гамбургер,красное вино,замороженные овощи,перец,макароны,шоколад,молоко,мед,рис,растительное масло,хлопь€
индейка,гов€жий фарш,макароны,блинчики,€йца,торт,чили,корм дл€ животных,шоколад
креветки,молоко,сливочное масло,курица,соль,майонез,зеленый чай
свежий тунец,минеральна€ вода,белый сыр,мед,жевательна€ резинка,шоколад,картофель-фри,замороженный смузи,газированна€ вода,клубника,зеленый чай
шоколад,печенье
газированна€ вода,низкокалорийный майонез
замороженные овощи,помидоры,макароны,курица,картофель-фри,эскалоп
индейка,гамбургер,сливочное масло,овощна€ смесь,зеленый виноград,блинчики,€йца,торт,соус дл€ барбекю,зеленый чай
красное вино,креветки,батат,€йца,соус дл€ гамбургеров,йогурт
картофель-фри,низкокалорийный майонез
гамбургер,гов€жий фарш,€йца,шоколад,шампанское,цукини
грибной соус
сливочное масло,м€тный зеленый чай
рис
жевательна€ резинка
минеральна€ вода,картофель-фри,шампанское,зеленый чай
хлопь€,соль,зеленый чай
креветки,макароны,шоколад,картофель-фри,эскалоп,печенье,пирожные,блинчики,дын€
ветчина,макароны,батат,курица,растительное масло,шоколад,хот-дог
€йца
гов€жий фарш,оливковое масло,средство от насекомых,замороженный смузи,хот-дог
замороженные овощи,макароны,минеральна€ вода,суп,оливковое масло,эскалоп
рис,масло,курица,картофель-фри,эскалоп
зеленый чай
пармезан,рис,эскалоп,шампанское
свежий тунец,замороженные овощи,курица,белый сыр,мед,низкокалорийный майонез
гов€жий фарш
маффины,шампанское,печенье,свежий хлеб,зеленый чай
замороженные овощи,макароны,шоколад,эскалоп,свежий хлеб
солень€,макароны,картофель-фри,замороженный смузи
авокадо
сэндвич
макароны,молоко,масло,шампунь
шампанское
макароны
шампанское
авокадо,молоко,сливочное масло,картофель-фри,печенье
индейка,замороженные овощи,курица,€йца,замороженный смузи,цветна€ капуста,низкокалорийный йогурт
гамбургер,креветки,помидоры,молоко,энергетический батончик,миндаль,курица,шоколад,картофель-фри,дезодорант
гамбургер,молоко,торт,растительное масло,картофель-фри,эскалоп,цукини
помидоры,макароны,шоколад,молоко,оливковое масло,рис,торт,замороженный смузи,протеиновый батончик
свежий тунец,красное вино,перец,макароны,белый сыр,лосось,блинчики,€йца,мед,зеленый чай
молоко,низкокалорийный йогурт
креветки,пармезан,суп,шоколад,пирожные
макароны,курица
тертый сыр,овощна€ смесь,обезжиренное молоко,зеленый чай
свежий тунец,пармезан,сидр,маффины,шпинат,мед,масло
торт
креветки,шоколад,грибной соус,конфеты
конфеты
авокадо,мед
креветки,замороженные овощи,помидоры,творог
картофель-фри
клубника
гов€жий фарш,миндаль,картофель-фри,эскалоп
тертый сыр,макароны
индейка,минеральна€ вода,сливочное масло,замороженный смузи
замороженные овощи,макароны,картофель-фри,низкокалорийный майонез,зеленый чай
гамбургер,ветчина,макароны,рис,баклажаны,шоколад,печенье,лук-шалот,зеленый чай
тертый сыр,замороженные овощи,макароны,авокадо,молоко,черника,низкокалорийный крем,рис,зеленый чай,шоколад,картофель-фри,замороженный смузи,печенье,хот-дог
гамбургер,креветки,помидоры,бекон,рис,зеленый чай
пармезан,блинчики
пармезан,торт,хот-дог,зеленый чай
макароны,молоко,белый сыр,кетчуп,шоколад,детска€ еда
м€та
шоколад,м€та
сливочное масло,картофель-фри,соль,свежий хлеб
шоколад,картофель-фри,клубника,йогурт,низкокалорийный майонез
€йца,баклажаны,печенье
йогурт
травы и перец,макароны,фрикадельки,молоко,оливковое масло,курица,мед,замороженный смузи,эскалоп,блинчики
замороженные овощи,рис,шоколад
травы и перец,гов€жий фарш,макароны,шоколад,молоко,€йца,низкокалорийный крем
€йца,шампанское
цельнозерновые макароны,гов€жий фарш,оливковое масло,черника,эскалоп
гамбургер,красное вино,минеральна€ вода,€йца,масло,морковь,протеиновый батончик,томатный сок
шоколад,тертый сыр,травы и перец,минеральна€ вода,суп,оливковое масло
гамбургер,креветки,минеральна€ вода,курица,белый сыр,лосось,€йца,торт,замороженный смузи,клубника
зеленый чай
печенье
картофель-фри,печенье
молоко,сливочное масло,€йца
€йца,грибной соус,низкокалорийный йогурт
€йца,зеленый чай
минеральна€ вода,рис
креветки,замороженные овощи,пармезан,минеральна€ вода,рис,торт
рис,блинчики
замороженные овощи,макароны,оливковое масло,сливочное масло,лосось,масло,растительное масло,замороженный смузи,цветна€ капуста
зеленый чай
свежий тунец,€йца,эскалоп,клубника
макароны,суп,молоко,морковь,шоколад
гамбургер,минеральна€ вода,суп,фрикадельки,оливковое масло
тертый сыр,минеральна€ вода,растительное масло,картофель-фри,печенье,низкокалорийный йогурт
креветки,молоко,оливковое масло,картофель-фри
замороженные овощи,минеральна€ вода,блинчики,торт,томатный сок
макароны,молоко,курица
тертый сыр,минеральна€ вода,курица,картофель-фри,творог,блинчики
гов€жий фарш,минеральна€ вода,молоко,€йца,м€та
креветки,дезодорант,зеленый чай
замороженный смузи
травы и перец,замороженные овощи,минеральна€ вода,маффины,хлопь€
индейка,помидоры,макароны,молоко,сидр,€йца,мед,торт,зеленый чай,картофель-фри,пирожные,томатный сок
травы и перец,красное вино,макароны,€йца,рис,шоколад,картофель-фри,эскалоп,печенье
зеленый чай
тертый сыр,гов€жий фарш,макароны,курица,темный шоколад,хлопь€,хот-дог,пирожные,зеленый чай
сем€ льна,шоколад,шампанское,эскалоп
шоколад,эскалоп,грибной соус,низкокалорийный йогурт
гамбургер,ветчина,шоколад,блинчики,хлопь€
эскалоп,м€та
шоколад,тертый сыр,пармезан,макароны,блинчики,€йца,торт,картофель-фри,энергетический напиток
солень€,макароны,минеральна€ вода,оливковое масло,растительное масло,хлопь€,картофель-фри,хот-дог
гов€жий фарш,минеральна€ вода,молоко,шпинат
блинчики,дын€,зеленый чай
блинчики,энергетический напиток,дын€,зеленый чай
шоколад,картофель-фри
журнал
макароны,€йца,шоколад,замороженный смузи,печенье,зеленый чай
минеральна€ вода
гамбургер,ветчина,тертый сыр,минеральна€ вода,шоколад,оливковое масло,лосось,зеленый виноград,мед,рис,торт,зеленый чай
гамбургер,бекон,€йца,печенье,зеленый чай
замороженные овощи,миндаль,блинчики,газированна€ вода
индейка,травы и перец,замороженные овощи,помидоры,шоколад,молоко,аксессуары,творог,низкокалорийный йогурт
шпинат,м€та
индейка,гамбургер,батат,картофель-фри
индейка,макароны,газированна€ вода
шоколад,замороженные овощи,помидоры,гов€жий фарш,томатный соус,макароны,авокадо,молоко,оливковое масло,энергетический батончик,рис,хлопь€,зеленый чай
замороженные овощи,помидоры,макароны,минеральна€ вода,свежий хлеб,белое вино,цукини
эскалоп
креветки,пармезан,€йца,торт,зеленый чай,картофель-фри
шоколад,цельнозерновые макароны,бекон,лосось,хот-дог,низкокалорийный йогурт
тертый сыр
€йца
шоколад
гамбургер,замороженные овощи,минеральна€ вода,молоко,белый сыр,торт,растительное масло,корм дл€ животных,зеленый чай,газированна€ вода,майонез
шпинат,шоколад,картофель-фри
замороженные овощи,авокадо,цельнозернова€ мука,замороженный смузи
эскалоп
эскалоп
€йца,рис
креветки,замороженные овощи,минеральна€ вода,зеленый чай
молоко,протеиновый батончик
картофель-фри,протеиновый батончик
печенье
гамбургер,макароны,минеральна€ вода
тертый сыр,гов€жий фарш,минеральна€ вода,суп,оливковое масло,€йца,мед,зелена€ фасоль,картофель-фри,спаржа
корм дл€ животных
индейка,гамбургер,замороженные овощи,минеральна€ вода,молоко,торт,курица,шоколад,картофель-фри,замороженный смузи
масло,шампунь,низкокалорийный йогурт
шоколад,красное вино,макароны,€йца,зеленый чай
травы и перец,блинчики,€йца,низкокалорийный крем,низкокалорийный майонез
авокадо,сливочное масло,шоколад,картофель-фри,печенье,клубника,протеиновый батончик,зеленый чай
тертый сыр,креветки,макароны,блинчики,растительное масло,печенье
суп,оливковое масло,низкокалорийный крем,темный шоколад,низкокалорийный йогурт
шоколад,грибной соус
оливковое масло
оливковое масло,энергетический батончик,замороженный смузи,блинчики
блинчики
минеральна€ вода,лосось,йогурт
тертый сыр,травы и перец,минеральна€ вода,суп,€йца,торт
€йца,пирожные
креветки,макароны,минеральна€ вода,молоко,французское вино,сыр,€йца,низкокалорийный крем,хлопь€
креветки,молоко,рис,рис
картофель-фри,блинчики,йогурт,низкокалорийный йогурт,зеленый чай
курица,€йца
картофель-фри
обезжиренное молоко
гамбургер,ветчина,шоколад,гов€жий фарш,макароны,минеральна€ вода,средство от насекомых,хот-дог
травы и перец,цельнозерновые макароны,макароны,мед,зеленый чай
свежий тунец,минеральна€ вода,французское вино,овощна€ смесь,€йца,рис,чили,темный шоколад,зелена€ фасоль,эскалоп,салат
томатный соус,макароны,минеральна€ вода,шоколад,мед,растительное масло,шампанское,томатный сок,зеленый чай
пармезан,гов€жий фарш
замороженные овощи,помидоры,минеральна€ вода,клубника,блинчики
индейка,ветчина,замороженные овощи,цельнозерновые макароны,макароны,минеральна€ вода,оливковое масло,блинчики,растительное масло,кетчуп,шампанское,печенье,хот-дог
перец,макароны,€йца,средство от насекомых,блинчики,энергетический напиток,зеленый чай
креветки,макароны,черный чай,€йца,торт,печенье,низкокалорийный йогурт
красное вино,торт,картофель-фри,печенье,протеиновый батончик,протеиновый батончик,томатный сок,зеленый чай
гамбургер,тертый сыр
гов€жий фарш,макароны,молоко
масло,соль,низкокалорийный йогурт
печенье
низкокалорийный йогурт
помидоры,гов€жий фарш,макароны,минеральна€ вода,клубника,цветна€ капуста
зеленый чай
грибной соус,йогурт
перец,соус дл€ гамбургеров,€годный сок,энергетический напиток
индейка,цельнозерновые макароны,макароны,минеральна€ вода,черный чай,блинчики,€йца,рис,торт,зеленый чай
ветчина,травы и перец,замороженные овощи,помидоры,цельнозерновые макароны,макароны,минеральна€ вода,мед,рис,курица,протеиновый батончик
минеральна€ вода,баклажаны,картофель-фри,эскалоп,томатный сок,зубна€ паста
авокадо,белое вино
красное вино,темный шоколад,цельнозернова€ мука
клубника,свежий хлеб,белое вино
шоколад,замороженный смузи,эскалоп
энергетический батончик,торт,творог,батончик без глютена
минеральна€ вода,молоко,овощна€ смесь,курица,зеленый чай,шоколад,замороженный смузи,эскалоп,хот-дог
креветки,помидоры,пармезан,макароны,авокадо,фрикадельки,молоко,блинчики,низкокалорийный крем,масло,курица,кетчуп,протеиновый батончик,соль
замороженные овощи,минеральна€ вода,французское вино,€йца,хлопь€,шоколад,соль
хлопь€,картофель-фри
минеральна€ вода,энергетический батончик,торт,картофель-фри
картофель-фри,замороженный смузи
гамбургер,молоко,хот-дог
гов€жий фарш,минеральна€ вода,шоколад,молоко,оливковое масло,черный чай,курица,блинчики,рис,овс€на€ каша,шампанское,замороженный смузи,свежий хлеб,м€та
цельнозерновые макароны,макароны,фрикадельки,молоко,картофель-фри,низкокалорийный йогурт
макароны
гамбургер,помидоры,гов€жий фарш,эскалоп
энергетический батончик,шоколад,шампанское
шоколад,гов€жий фарш,черника,соус дл€ гамбургеров,зеленый чай
минеральна€ вода,молоко,блинчики
гамбургер,французское вино,€йца,зелена€ фасоль,аксессуары
минеральна€ вода,рис
гов€жий фарш,перец,минеральна€ вода,шоколад,белое вино
креветки,шпинат
маффины,хот-дог,пирожные
гов€жий фарш,замороженный смузи,творог,м€та
свежий тунец,замороженные овощи,пармезан,перец,макароны,молоко,оливковое масло,черный чай,миндаль,лосось,мед,торт,жевательна€ резинка,масло,хлопь€,шоколад,замороженный смузи,протеиновый батончик,майонез
зеленый чай
креветки,овощна€ смесь,печенье,грибной соус,хот-дог
м€та
макароны,блинчики
минеральна€ вода,мед,торт
газированна€ вода,масло,соус дл€ барбекю,блинчики
шоколад,макароны,минеральна€ вода,блинчики,торт,печенье
шоколад,молоко,аксессуары
свежий тунец,авокадо,овощна€ смесь,зеленый виноград,мед,цельнозернова€ мука,картофель-фри,творог,энергетический напиток,томатный сок,низкокалорийный йогурт,зеленый чай,масло,минеральна€ вода,лосось,€годный сок,замороженный смузи,шпинат,хлопь€
минеральна€ вода,фрикадельки,картофель-фри,клубника,зеленый чай
креветки,шампанское,макароны,журнал
печенье
индейка,батат,рис,растительное масло,пирожные
шоколад,замороженные овощи,низкокалорийный майонез,зеленый чай
индейка,эскалоп
эскалоп
макароны,курица,зеленый чай,белое вино
шпинат
шоколад,минеральна€ вода
печенье
молоко,блинчики
овощна€ смесь,€годный сок,картофель-фри
шоколад,пирожные,блинчики
молоко,торт,жевательна€ резинка,картофель-фри,зеленый чай
креветки,минеральна€ вода,черный чай,печенье
ветчина,молоко
гов€жий фарш,шоколад,лосось,хот-дог
индейка,гамбургер,минеральна€ вода,шоколад,авокадо,торт,замороженный смузи
молоко,курица,м€тный зеленый чай
гов€жий фарш,макароны,мед,сэндвич
молоко,€йца,торт,картофель-фри
масло
креветки,помидоры,пармезан,цельнозерновые макароны,черный чай,€йца,масло,зеленый чай
травы и перец,гов€жий фарш,минеральна€ вода,фрикадельки,молоко,энергетический батончик,курица,цельнозернова€ мука,картофель-фри,блинчики
авокадо,шампанское
суп,овс€на€ каша,зеленый чай
шоколад
гамбургер,блинчики,зеленый чай,картофель-фри
томатный соус
аксессуары,картофель-фри,замороженный смузи,эскалоп
батат,минеральна€ вода,торт,шоколад,картофель-фри,шампанское,клубника,энергетический напиток,томатный сок,м€та,зеленый чай
индейка,тертый сыр,энергетический напиток
солень€,травы и перец,замороженные овощи,сидр,€йца,пирожные,блинчики,йогурт,зеленый чай
масло
суп
томатный соус,м€та
минеральна€ вода,курица
гамбургер,пирожные
картофель-фри
минеральна€ вода,шоколад,картофель-фри,печенье
курица
курица,белое вино
макароны,шампанское,творог,блинчики,низкокалорийный майонез,зеленый чай
оливковое масло
молоко
тертый сыр,травы и перец,макароны,молоко,зеленый чай
минеральна€ вода,картофель-фри
печенье
ветчина,красное вино,кукуруза,зеленый чай
картофель-фри
эскалоп
минеральна€ вода,молоко
шоколад,минеральна€ вода
помидоры
тертый сыр,сливочное масло,€йца,растительное масло
масло
минеральна€ вода,зеленый чай
помидоры,гов€жий фарш,минеральна€ вода,€йца,торт,зеленый чай,блинчики
гов€жий фарш,зеленый чай,протеиновый батончик
свежий тунец,минеральна€ вода,суп,авокадо
маффины,картофель-фри,эскалоп,батончик без глютена
гамбургер,минеральна€ вода,рис,картофель-фри
протеиновый батончик
масло,салат,журнал
замороженные овощи,помидоры,пармезан,маффины,шпинат,€йца,торт,картофель-фри,шампанское,хот-дог,творог,клубника,энергетический напиток,свежий хлеб,конфеты
конфеты
сливочное масло,зеленый чай
ветчина,эскалоп,зеленый чай
десертное вино,замороженные овощи,помидоры,пармезан,минеральна€ вода,суп,оливковое масло,лосось,темный шоколад
травы и перец,гов€жий фарш,макароны,картофель-фри,эскалоп,томатный сок
тертый сыр,рис,шоколад,замороженный смузи
фрикадельки,зеленый чай
рис,йогурт,зеленый чай
томатный соус,суп,черника,соус дл€ гамбургеров,печенье,низкокалорийный йогурт
низкокалорийный йогурт
торт,курица,эскалоп,творог,зеленый чай
энергетический батончик,картофель-фри,блинчики
сливочное масло
курица,рис,овс€на€ каша,цельнозернова€ мука,зеленый чай,картофель-фри,блинчики
€йца,макароны,грибной соус
€йца
€йца,шоколад
гамбургер,минеральна€ вода,рис,торт
французское вино,€йца,картофель-фри,зеленый чай
печенье
печенье
креветки,замороженные овощи,цельнозерновые макароны,молоко,курица,рис,ветчина
молоко
молоко,энергетический батончик,€йца,замороженный смузи,м€та
хот-дог
замороженные овощи,лосось
креветки,макароны,минеральна€ вода,шоколад,лосось,€йца,рис,замороженный смузи,спаржа
€йца
оливковое масло,хот-дог
креветки,минеральна€ вода,фрикадельки,оливковое масло
фрикадельки
макароны,минеральна€ вода,чили,шоколад,эскалоп
печенье
картофель-фри,замороженный смузи
замороженные овощи,минеральна€ вода
зеленый чай,картофель-фри,эскалоп,лук-шалот
свежий тунец,макароны,минеральна€ вода,лосось
оливковое масло
креветки,замороженные овощи,минеральна€ вода,€йца,шоколад,творог,низкокалорийный йогурт
авокадо,замороженный смузи,низкокалорийный йогурт
минеральна€ вода,€йца
печенье
€йца,картофель-фри
ветчина,макароны,€йца,замороженный смузи,журнал
гамбургер,€йца
макароны,масло,растительное масло,белое вино
замороженные овощи,макароны,пирожные,свежий хлеб
креветки,зеленый чай
замороженные овощи,гов€жий фарш,минеральна€ вода,молоко,оливковое масло,блинчики,€йца,растительное масло,шоколад
кукуруза
гамбургер,сем€ льна,€йца,зеленый чай
травы и перец,макароны,растительное масло,зубна€ паста
печенье,хот-дог,зеленый чай
печенье
€йца,картофель-фри,пирожные,зеленый чай
минеральна€ вода,энергетический батончик,шоколад,низкокалорийный йогурт
гов€жий фарш,рис,м€та
молоко
перец,зеленый чай
красное вино,креветки,замороженные овощи,€йца,рис,зеленый чай
свежий хлеб,белое вино
шоколад,макароны,минеральна€ вода,суп,сливочное масло,€йца,низкокалорийный йогурт
ветчина,минеральна€ вода,шпинат,растительное масло,картофель-фри,протеиновый батончик
€йца
шоколад,молоко,€йца,овс€на€ каша,картофель-фри
€йца
макароны,€йца
индейка,минеральна€ вода
низкокалорийный йогурт
перец,шоколад,черника,масло,свежий хлеб,низкокалорийный йогурт
минеральна€ вода,суп,маффины,корм дл€ животных,баклажаны,низкокалорийный йогурт
молоко,лосось,цельнозернова€ мука,шоколад,низкокалорийный йогурт
оливковое масло,цукини
лосось,рис
креветки,минеральна€ вода,блинчики,аксессуары,шампанское,протеиновый батончик
перец,молоко,масло
гамбургер,фрикадельки,€йца,картофель-фри
макароны,шоколад,торт,свежий хлеб,белое вино
индейка,рис,курица
блинчики,€йца,шампанское
€йца,баклажаны,картофель-фри
эскалоп
пирожные
сем€ льна,зеленый чай,свежий хлеб
печенье
ветчина,перец,макароны,клубника,белое вино
минеральна€ вода,лосось,замороженный смузи,творог
десертное вино,травы и перец,помидоры,батат,минеральна€ вода,торт,растительное масло
индейка,гов€жий фарш,€йца,соус дл€ гамбургеров,курица,соус дл€ барбекю,хлопь€,свежий хлеб
шоколад,минеральна€ вода,€йца,низкокалорийный крем,средство от насекомых,соус дл€ гамбургеров,курица
индейка,свежий тунец,креветки,макароны
помидоры,молоко,миндаль
гов€жий фарш,макароны,минеральна€ вода,€йца,шоколад,белое вино,низкокалорийный йогурт
помидоры,макароны
тертый сыр,красное вино,макароны,минеральна€ вода,оливковое масло,овощна€ смесь,темный шоколад,зеленый чай
макароны,оливковое масло,сем€ льна,средство от насекомых
торт,творог,зеленый чай
гамбургер,помидоры,оливковое масло,протеиновый батончик,шампунь
белый сыр,грибной соус,низкокалорийный йогурт
свежий хлеб
ветчина,минеральна€ вода,оливковое масло,масло,морковь,творог,свежий хлеб
торт
гамбургер,гов€жий фарш,макароны,минеральна€ вода,авокадо,картофель-фри,пирожные,зеленый чай
помидоры,гов€жий фарш,минеральна€ вода,маффины,эскалоп,протеиновый батончик
лосось
креветки,замороженные овощи,зеленый чай
макароны,молоко,оливковое масло,картофель-фри,эскалоп,хот-дог
индейка,зеленый виноград,шампанское,клубника,зеленый чай
гамбургер
травы и перец,макароны,молоко,энергетический батончик,€йца,низкокалорийный крем,растительное масло,хлопь€,шоколад,замороженный смузи
красное вино,макароны,оливковое масло,торт,свежий хлеб
молоко,растительное масло,курица,шоколад,эскалоп,грибной соус,творог
энергетический батончик
минеральна€ вода
€йца
замороженные овощи,шоколад,клубника
минеральна€ вода,молоко,оливковое масло,черный чай,низкокалорийный майонез
картофель-фри
индейка,молоко,энергетический батончик,рис,йогурт,низкокалорийный майонез
гамбургер,крем,курица,печенье
свежий хлеб
молоко
томатный соус,масло,аксессуары
гамбургер,сливочное масло
молоко,блинчики
тертый сыр,макароны
суп,соус дл€ барбекю,печенье
индейка,гамбургер,цельнозерновые макароны,минеральна€ вода,молоко,рис,торт,растительное масло,замороженный смузи,пирожные,свежий хлеб,мед
индейка,овощна€ смесь,жевательна€ резинка,зеленый чай
суп,белый сыр,€йца,торт,морковь,замороженный смузи
десертное вино,гамбургер,торт,замороженный смузи,зубна€ паста
тертый сыр,баклажаны,хлопь€
энергетический напиток
маффины
энергетический напиток
молоко,зеленый чай
лосось,зеленый чай
€йца,печенье,зеленый чай
торт,картофель-фри
тертый сыр,травы и перец,креветки,гов€жий фарш,макароны,минеральна€ вода,€йца,низкокалорийный крем,рис,масло,пирожные,дын€,салат
суп,шоколад,конфеты
травы и перец,креветки,гов€жий фарш,шоколад,молоко,оливковое масло,овощна€ смесь,рис,масло,замороженный смузи,пирожные,белое вино
молоко,шоколад,детска€ еда
шоколад,макароны,минеральна€ вода,суп,маффины,€йца,курица,картофель-фри,свежий хлеб,м€та
протеиновый батончик
помидоры,цельнозернова€ мука,зеленый чай,свежий хлеб,белое вино
зеленый чай,блинчики
замороженные овощи,цельнозерновые макароны,молоко,картофель-фри,грибной соус
кекс,протеиновый батончик
тертый сыр,перец,макароны,эскалоп
свежий хлеб,белое вино
макароны,€йца,баклажаны
молоко,сливочное масло,блинчики,€йца
индейка,тертый сыр,помидоры
йогурт
гамбургер,мед,эскалоп
масло
замороженные овощи,помидоры,картофель-фри,эскалоп,газированна€ вода
креветки,макароны,минеральна€ вода
свежий хлеб
минеральна€ вода,€йца
зеленый чай
замороженные овощи,низкокалорийный йогурт
печенье
эскалоп
печенье,распылитель
картофельное пюре
€йца,растительное масло,низкокалорийный йогурт
торт
минеральна€ вода,авокадо
пармезан,гов€жий фарш,макароны,черника,рис,масло,растительное масло,зеленый чай,шоколад,протеиновый батончик
минеральна€ вода
молоко,€йца
гов€жий фарш,макароны,минеральна€ вода,молоко,€йца,клубника,зубна€ паста
торт
печенье
гамбургер
замороженные овощи,макароны,молоко,сидр,картофель-фри
индейка,креветки,замороженные овощи,минеральна€ вода,шоколад,оливковое масло,мед
€йца
индейка,помидоры,макароны,минеральна€ вода
гамбургер,макароны,низкокалорийный йогурт,зеленый чай
минеральна€ вода,€йца
минеральна€ вода,печенье
минеральна€ вода,лосось
свежий тунец,помидоры,томатный соус,макароны,шоколад,€йца,мед,масло,баклажаны,картофель-фри
минеральна€ вода,молоко,мед,низкокалорийный йогурт
травы и перец,креветки,помидоры,молоко,€йца,низкокалорийный крем,растительное масло,чили,шоколад
блинчики,€йца,картофель-фри
картофель-фри,пирожные
минеральна€ вода,молоко,энергетический батончик,соус дл€ барбекю,шоколад,низкокалорийный йогурт
свежий тунец,помидоры,минеральна€ вода,€йца,мед,низкокалорийный йогурт
суп,молоко,бекон,рис,растительное масло,курица,кетчуп,соль,журнал
шоколад
фрикадельки,зеленый чай
тертый сыр,макароны
тертый сыр,перец,зеленый чай
индейка,макароны,минеральна€ вода,масло,м€тный зеленый чай,энергетический напиток
курица,картофель-фри
замороженные овощи,цельнозерновые макароны,гов€жий фарш,макароны,молоко,€йца,зеленый чай
€йца
креветки,макароны,минеральна€ вода,растительное масло,эскалоп,низкокалорийный йогурт
индейка,гамбургер,гов€жий фарш,молоко,бекон,€йца,рис,черника,растительное масло,зеленый чай
оливковое масло
индейка,помидоры,€йца,шоколад
гамбургер,креветки,макароны,замороженные овощи,минеральна€ вода,шоколад,энергетический напиток,протеиновый батончик,низкокалорийный йогурт
гамбургер,€йца,картофель-фри,энергетический напиток
миндаль,€йца,растительное масло,картофель-фри,зеленый чай
низкокалорийный майонез
замороженные овощи,цельнозерновые макароны,морковь,€годный сок,картофель-фри
помидоры,минеральна€ вода,фрикадельки,курица,блинчики,€йца,рис
креветки,замороженные овощи,пармезан,авокадо,курица,€йца,шоколад,замороженный смузи
красное вино,помидоры,макароны,шоколад,курица,бекон,блинчики,торт,рис,растительное масло,баклажаны,зеленый чай,чай,зубна€ паста
макароны,минеральна€ вода,суп,сидр,чатни,€йца,рис,корм дл€ животных,зеленый чай
свежий тунец,травы и перец,макароны,низкокалорийный йогурт
свежий тунец,€йца
шоколад,эскалоп,макароны,мед
свежий хлеб
травы и перец,гов€жий фарш,растительное масло,шоколад,картофель-фри
индейка,красное вино
ветчина,креветки,макароны,печенье
минеральна€ вода,суп,бекон,торт,низкокалорийный крем,баклажаны,пирожные
гамбургер,макароны,€йца,картофель-фри
гамбургер,макароны
€йца,картофель-фри
гов€жий фарш,мед,курица,макароны
гамбургер,гов€жий фарш,минеральна€ вода,шоколад,шампанское
гамбургер,гов€жий фарш,макароны,минеральна€ вода,суп,молоко,французское вино,мед
ветчина,тертый сыр,перец,блинчики,мед,низкокалорийный крем,средство от насекомых,эскалоп
гамбургер,минеральна€ вода,молоко,торт,шоколад,картофель-фри,эскалоп,печенье,детска€ еда,цукини
креветки,макароны
блинчики,низкокалорийный майонез
зеленый чай
гамбургер,замороженные овощи,помидоры,макароны,минеральна€ вода,суп,авокадо,молоко,оливковое масло,курица,рис,протеиновый батончик
травы и перец,креветки,замороженные овощи,помидоры,авокадо,курица,€йца,блинчики
цельнозерновые макароны,макароны,фрикадельки,молоко,миндаль,€йца,картофель-фри
овощна€ смесь,масло,шоколад,эскалоп,цукини
травы и перец,томатный соус,минеральна€ вода
гамбургер,ветчина,гов€жий фарш,макароны,минеральна€ вода,фрикадельки,молоко,торт,пирожные
€йца
индейка,€йца,замороженный смузи
гамбургер,тертый сыр,минеральна€ вода,молоко,€йца,рис,свежий хлеб,зеленый чай
помидоры,минеральна€ вода,оливковое масло,темный шоколад
пармезан,минеральна€ вода,темный шоколад,зубна€ паста,конфеты
батончик без глютена
зеленый чай
картофель-фри,шампанское
эскалоп,макароны,грибной соус
шоколад,спаржа
замороженный смузи
ветчина,энергетический напиток
помидоры,шоколад,суп,блинчики
макароны,блинчики
индейка,мед,торт,аксессуары,картофель-фри,зеленый чай
творог
замороженные овощи,минеральна€ вода,миндаль,бекон,€йца,соус дл€ барбекю
минеральна€ вода,мед,хот-дог
печенье
печенье
макароны,оливковое масло,торт,грибной соус
картофель-фри
€йца,картофель-фри,энергетический напиток,низкокалорийный майонез,низкокалорийный йогурт
€йца
авокадо,зеленый виноград
печенье
шоколад,блинчики,рис,замороженный смузи,низкокалорийный йогурт
минеральна€ вода,шоколад,молоко,лосось,блинчики,курица
печенье
зеленый чай
картофель-фри,творог
травы и перец,макароны,блинчики,торт
сидр,торт
креветки,замороженные овощи,макароны,м€та
печенье
€йца,картофель-фри
помидоры,черника,м€та
помидоры
блинчики
гамбургер,минеральна€ вода,€йца,печенье
помидоры,минеральна€ вода
макароны,€йца
авокадо,миндаль,французское вино,мед,рис
индейка
креветки,макароны,шоколад,низкокалорийный майонез
креветки,сливочное масло,свежий хлеб
помидоры,суп,картофель-фри,эскалоп,протеиновый батончик,томатный сок
замороженные овощи,гов€жий фарш,минеральна€ вода,суп,молоко,лосось,блинчики
индейка,макароны,минеральна€ вода,молоко,сем€ льна,курица,€йца,торт
печенье
тертый сыр,креветки,картофель-фри,печенье,блинчики,томатный сок
€йца,низкокалорийный йогурт
печенье
креветки,замороженные овощи,помидоры,макароны
пармезан,минеральна€ вода,шампанское,белое вино,низкокалорийный йогурт
замороженные овощи
обезжиренное молоко,томатный сок,зеленый чай
замороженные овощи,торт,картофель-фри
энергетический батончик,торт
гамбургер,помидоры,минеральна€ вода,ежевика
минеральна€ вода
гамбургер,сыр,шампанское,эскалоп
тертый сыр,мед,торт,зеленый чай
минеральна€ вода,€йца,низкокалорийный йогурт
гамбургер,минеральна€ вода,авокадо,кукуруза,эскалоп
торт,картофель-фри
картофель-фри
замороженные овощи,пармезан,минеральна€ вода,баклажаны,шоколад,замороженный смузи
минеральна€ вода,шоколад,свежий хлеб
печенье
помидоры,минеральна€ вода
молоко,йогурт,дын€
оливковое масло,темный шоколад
солень€,замороженные овощи,шоколад,газированна€ вода,зеленый чай
гамбургер,бекон,шампанское,низкокалорийный майонез
макароны,курица,€йца
низкокалорийный йогурт
шампанское
гамбургер,ветчина,помидоры,макароны,молоко,€йца,рис,шоколад,картофель-фри,замороженный смузи,низкокалорийный йогурт
шампанское
молоко,сливочное масло,картофель-фри,грибной соус,пирожные
травы и перец,обезжиренное молоко,€йца,растительное масло
макароны
конфеты
замороженные овощи
гамбургер,ветчина,замороженные овощи,картофель-фри,томатный сок
индейка,креветки,€йца,низкокалорийный крем,творог
замороженные овощи,помидоры,гов€жий фарш,минеральна€ вода,молоко,€йца,цельнозернова€ мука,хлопь€,€годный сок,томатный сок,зеленый чай
креветки,сливочное масло,газированна€ вода,шоколад,томатный сок
тертый сыр,шоколад,эскалоп
картофель-фри,майонез
минеральна€ вода
шоколад,€йца,низкокалорийный йогурт
лосось,курица,зеленый чай
замороженные овощи,молоко,белый сыр,€йца,шоколад,картофель-фри,шампанское,салат
гов€жий фарш,минеральна€ вода,блинчики
красное вино
замороженные овощи,свежий хлеб
минеральна€ вода
минеральна€ вода,авокадо,€йца,торт,низкокалорийный йогурт
красное вино,креветки,шоколад,лосось,рис,цельнозернова€ мука,зеленый чай
индейка,гамбургер,суп,оливковое масло,лосось,овс€на€ каша,творог,низкокалорийный майонез
картофель-фри,печенье
оливковое масло,рис,газированна€ вода
креветки,гов€жий фарш,макароны,средство от насекомых,шоколад,клубника
помидоры,зеленый чай
гов€жий фарш,фрикадельки,лосось,торт,соль,томатный сок,свежий хлеб
помидоры,гов€жий фарш,газированна€ вода,замороженный смузи,м€та
перец,макароны,минеральна€ вода,чили,эскалоп,м€та
замороженные овощи,пармезан,масло,зелена€ фасоль,чай,замороженный смузи
макароны,рис,картофель-фри,печенье,зеленый чай
креветки,€йца,шоколад,грибной соус,низкокалорийный йогурт
печенье,зеленый чай
гов€жий фарш,макароны,минеральна€ вода,суп,курица,блинчики,шампанское,свежий хлеб
замороженные овощи,помидоры,минеральна€ вода,суп,молоко,овощна€ смесь
фрикадельки
гов€жий фарш
тертый сыр,минеральна€ вода,растительное масло
помидоры,молоко,маффины,картофель-фри
печенье,низкокалорийный йогурт
замороженные овощи,минеральна€ вода,шоколад,рис
тертый сыр,помидоры,макароны,минеральна€ вода,молоко,обезжиренное молоко,низкокалорийный крем,курица,темный шоколад,творог,клубника
помидоры,свежий хлеб
€йца
ветчина,гамбургер,минеральна€ вода,шоколад,сливочное масло,лосось,морковь,хлопь€,салат
картофель-фри
гов€жий фарш
гов€жий фарш,грибной соус
гамбургер,шоколад,торт,печенье,зеленый чай
шоколад,шампанское
кекс,грибной соус,соль
травы и перец,креветки,помидоры,гов€жий фарш,макароны,оливковое масло,растительное масло,зелена€ фасоль,хлопь€,зеленый чай
свежий тунец,тертый сыр,фрикадельки,цельнозернова€ мука,зеленый чай
€йца,замороженный смузи
замороженные овощи,€йца
гамбургер,замороженные овощи,минеральна€ вода,суп,фрикадельки,оливковое масло,€йца,протеиновый батончик,майонез
замороженные овощи,минеральна€ вода,курица,лосось,€йца,блинчики,низкокалорийный майонез,м€та
картофель-фри
минеральна€ вода,торт,мед
помидоры
минеральна€ вода
гов€жий фарш,макароны,оливковое масло,печенье,макароны,зеленый чай
€йца,ветчина
шоколад,оливковое масло,блинчики,€йца
замороженные овощи,миндаль,€йца,свежий хлеб,м€та
гамбургер,шоколад,травы и перец,гов€жий фарш,макароны,суп,молоко,курица,маффины,низкокалорийный йогурт
картофель-фри
€йца,шоколад,картофель-фри
замороженные овощи,помидоры,гов€жий фарш,макароны,авокадо,оливковое масло,миндаль,торт,зеленый чай
замороженные овощи,гов€жий фарш,макароны,батат,цукини
сливочное масло,торт,зеленый чай,грибной соус,м€та
гов€жий фарш,макароны,блинчики,курица,м€тный зеленый чай,шоколад,картофель-фри,эскалоп,грибной соус,пирожные,йогурт
помидоры,авокадо,€йца,торт,энергетический напиток
минеральна€ вода,рис,низкокалорийный йогурт
авокадо,газированна€ вода
макароны,овощна€ смесь,рис,баклажаны,зеленый чай
тертый сыр,красное вино,молоко,курица,сидр,лосось,рис,м€тный зеленый чай,картофель-фри,пирожные,энергетический напиток,дын€
индейка,блинчики
минеральна€ вода,молоко,миндаль,бекон,€йца,рис,йогурт
индейка,тертый сыр,креветки,помидоры,макароны,оливковое масло,сливочное масло,шпинат,хот-дог,низкокалорийный йогурт
оливковое масло,картофель-фри
суп
макароны,минеральна€ вода,шпинат,€йца,рис,м€тный зеленый чай,картофель-фри,замороженный смузи,эскалоп,дезодорант,дын€
свежий тунец,шоколад,картофель-фри
минеральна€ вода,суп,€йца,торт,рис,растительное масло
минеральна€ вода,шоколад,оливковое масло,сем€ льна,черный чай,французское вино,белый сыр,лосось,протеиновый батончик
картофель-фри
растительное масло
помидоры
макароны,батат,зеленый виноград,€йца,картофель-фри
минеральна€ вода,растительное масло,м€та
тертый сыр,замороженные овощи,минеральна€ вода,€йца,растительное масло
суп,молоко,лосось
печенье
свежий хлеб
клубника
маффины
шоколад
десертное вино,тертый сыр,креветки,замороженные овощи,гов€жий фарш,макароны,минеральна€ вода,суп,авокадо,молоко,лосось,рис,жевательна€ резинка,масло,аксессуары,замороженный смузи
креветки,замороженные овощи,гов€жий фарш,томатный соус,макароны,минеральна€ вода,молоко,шоколад,эскалоп
шоколад,креветки,молоко,оливковое масло,сидр,растительное масло,протеиновый батончик
креветки,минеральна€ вода,миндаль,€йца,торт,черника,зеленый чай,шоколад,картофель-фри,эскалоп,печенье,картофельное пюре,пирожные,блинчики
шоколад,лук-шалот,энергетический напиток
помидоры,цельнозерновые макароны,гов€жий фарш,макароны,минеральна€ вода,оливковое масло
минеральна€ вода,суп,молоко,лосось,растительное масло,кетчуп,хлопь€,баклажаны,картофель-фри,журнал
красное вино,минеральна€ вода,суп,авокадо
индейка,красное вино,гов€жий фарш,макароны,минеральна€ вода,молоко,французское вино,хлопь€,творог,йогурт,низкокалорийный майонез,томатный сок
свежий тунец,травы и перец,замороженные овощи,помидоры,макароны,минеральна€ вода,авокадо,молоко,оливковое масло,черный чай,шпинат,€йца,картофель-фри,творог,блинчики
креветки,помидоры,макароны,зелена€ фасоль
гамбургер,макароны,авокадо,блинчики,торт,свежий хлеб
молоко
шоколад
энергетический батончик,€йца,творог,зеленый чай
перец,шоколад,картофель-фри,печенье,клубника,детска€ еда,свежий хлеб,журнал
эскалоп
шоколад,торт,жевательна€ резинка,шампанское,протеиновый батончик
гов€жий фарш,шоколад,м€та
гамбургер,свежий тунец,ветчина,тертый сыр,замороженные овощи,помидоры,пармезан,макароны,минеральна€ вода,шоколад,оливковое масло,овощна€ смесь,обезжиренное молоко,маффины,блинчики,торт,картофель-фри,протеиновый батончик
свежий тунец,минеральна€ вода,сидр,€йца,пирожные,низкокалорийный йогурт
картофель-фри,печенье
шоколад,замороженные овощи,минеральна€ вода,торт,картофель-фри,творог,пирожные,блинчики
гамбургер,помидоры,минеральна€ вода,€йца,низкокалорийный крем,масло,картофель-фри
макароны,картофель-фри
минеральна€ вода,эскалоп
гов€жий фарш
шоколад,макароны,минеральна€ вода
замороженные овощи,помидоры,минеральна€ вода,суп,молоко,лосось,овощна€ смесь,мед,м€тный зеленый чай,шампанское,эскалоп,томатный сок
тертый сыр,гов€жий фарш,рис,картофель-фри,эскалоп
замороженные овощи,помидоры,гов€жий фарш,минеральна€ вода,молоко,энергетический батончик,блинчики,мед,цельнозернова€ мука,картофель-фри
шоколад,свежий хлеб
макароны,суп,торт,корм дл€ животных,хот-дог,дезодорант,клубника,свежий хлеб
оливковое масло,салат
минеральна€ вода,оливковое масло
гов€жий фарш,макароны,минеральна€ вода,шоколад,эскалоп
гамбургер,цельнозерновые макароны,минеральна€ вода,молоко,блинчики
лосось
травы и перец,минеральна€ вода,шоколад,€йца,хлопь€,эскалоп
гов€жий фарш,минеральна€ вода,молоко
€йца,рис,шоколад
печенье,йогурт
цельнозернова€ мука,зеленый чай,блинчики,дын€
травы и перец,м€та
лосось,овощна€ смесь
шоколад,йогурт
блинчики
маффины,курица,свежий хлеб,белое вино
маффины,черника,корм дл€ животных,зеленый чай,зубна€ паста
шоколад,оливковое масло,рис,торт,зелена€ фасоль,замороженный смузи,творог
гамбургер
свежий тунец,замороженные овощи,сыр,творог,томатный сок,низкокалорийный йогурт
креветки,помидоры,макароны,минеральна€ вода,шоколад,курица,блинчики,соус дл€ гамбургеров,замороженный смузи,протеиновый батончик,свежий хлеб
грибной соус
шоколад,растительное масло
минеральна€ вода,шоколад,замороженный смузи
французское вино,низкокалорийный йогурт
томатный сок
чили,картофель-фри,зеленый чай
торт,картофель-фри
перец,€йца
маффины,картофель-фри,замороженный смузи
томатный соус
креветки,помидоры,суп,аксессуары,зеленый чай
мед,картофель-фри,эскалоп
помидоры,гов€жий фарш,курица,зеленый чай,эскалоп
шампанское,дезодорант
маффины,картофель-фри,эскалоп,хот-дог
м€та
травы и перец,замороженные овощи,лосось,морковь,шоколад,картофель-фри
печенье
хлопь€,блинчики,йогурт
оливковое масло
зеленый чай
цельнозерновые макароны,макароны,молоко
минеральна€ вода,м€та
гов€жий фарш,блинчики
тертый сыр,помидоры,макароны,минеральна€ вода,молоко,кетчуп,морковь,картофель-фри,протеиновый батончик
гамбургер,тертый сыр,креветки,цельнозерновые макароны,оливковое масло,картофель-фри,замороженный смузи,протеиновый батончик
шоколад,мед
маффины,шоколад
цельнозерновые макароны,гов€жий фарш,минеральна€ вода,авокадо,молоко,оливковое масло,курица,жевательна€ резинка,замороженный смузи
эскалоп,зеленый чай
тертый сыр,цельнозерновые макароны,минеральна€ вода,авокадо,оливковое масло,замороженный смузи,низкокалорийный майонез
маффины,картофель-фри,йогурт
суп,молоко,пирожные
гамбургер,авокадо,картофель-фри
€йца,соус дл€ гамбургеров,эскалоп
макароны,блинчики,картофель-фри
макароны,торт
гов€жий фарш,зелена€ фасоль,картофель-фри,зеленый чай
макароны,минеральна€ вода,шоколад,молоко,курица,соус дл€ гамбургеров,€годный сок,замороженный смузи,журнал
торт,хот-дог
макароны,рис,картофель-фри
макароны,лосось,торт,энергетический напиток
креветки,замороженные овощи,минеральна€ вода,блинчики,торт,шоколад,хот-дог
мед
креветки,цельнозерновые макароны,перец,макароны,сем€ льна,черный чай,масло,морковь,зеленый чай,шоколад,картофель-фри,эскалоп,соль,детска€ еда,журнал
минеральна€ вода
блинчики,м€та
креветки,макароны,овощна€ смесь,рис,печенье,хот-дог
макароны,молоко,замороженный смузи,зеленый чай
гов€жий фарш,овощна€ смесь,мед,томатный сок
гамбургер,шоколад,помидоры,цельнозерновые макароны,макароны,авокадо,молоко,лосось,овощна€ смесь,рис,жевательна€ резинка,кетчуп,кукуруза,картофель-фри,печенье,газированна€ вода
помидоры,соус дл€ гамбургеров,шоколад,зеленый чай
замороженные овощи,цельнозерновые макароны,молоко,блинчики,рис,картофель-фри,низкокалорийный майонез
тертый сыр,макароны,оливковое масло
минеральна€ вода,молоко,курица,масло,морковь,хлопь€,шампанское,творог,блинчики,энергетический напиток,белое вино
соус дл€ барбекю,картофель-фри,замороженный смузи
креветки,мед,кетчуп,замороженный смузи,эскалоп,хот-дог,газированна€ вода,зеленый чай
минеральна€ вода,растительное масло,шоколад
гов€жий фарш,суп,авокадо,оливковое масло,торт,кекс,зеленый чай,картофель-фри,замороженный смузи,низкокалорийный йогурт
креветки,замороженные овощи,макароны
сливочное масло
картофель-фри
замороженные овощи,эскалоп
зеленый чай
эскалоп
травы и перец,пармезан,замороженный смузи
помидоры,курица
гов€жий фарш,перец,макароны,молоко,овощна€ смесь,соус дл€ гамбургеров,зелена€ фасоль,картофель-фри,хот-дог,свежий хлеб
шоколад,травы и перец,креветки,минеральна€ вода,курица,блинчики,€йца,печенье,свежий хлеб,зеленый чай
шоколад
низкокалорийный крем
помидоры,блинчики
минеральна€ вода,торт,замороженный смузи,печенье,йогурт
индейка,минеральна€ вода,шоколад,йогурт,низкокалорийный майонез
печенье
минеральна€ вода,курица,масло,шоколад,замороженный смузи,м€та
печенье
фрикадельки,йогурт
растительное масло
минеральна€ вода
печенье,макароны
хот-дог
гов€жий фарш,перец,оливковое масло,сливочное масло,зеленый виноград,растительное масло
гамбургер,креветки,макароны,авокадо,молоко,оливковое масло,французское вино,чатни,мед,жевательна€ резинка,хлопь€,шоколад,дын€,протеиновый батончик,цукини
рис
макароны,авокадо,пирожные
свежий тунец,макароны,минеральна€ вода,лосось
блинчики,хлопь€,шоколад
гамбургер,помидоры,перец,кукуруза,хлопь€,эскалоп,низкокалорийный йогурт
гов€жий фарш,молоко,замороженный смузи
макароны,молоко
креветки,минеральна€ вода,энергетический напиток,соль,журнал
тертый сыр,шпинат,картофель-фри
макароны,минеральна€ вода,молоко,кукуруза
шоколад,тертый сыр,травы и перец,цельнозерновые макароны,миндаль,овс€на€ каша,зеленый чай
помидоры,растительное масло
цельнозерновые макароны,клубника,дын€,низкокалорийный йогурт
минеральна€ вода,энергетический напиток
шоколад,печенье,зеленый чай
тертый сыр,перец,торт,ежевика,шоколад
минеральна€ вода,картофель-фри
тертый сыр,замороженные овощи,цельнозерновые макароны,минеральна€ вода,молоко,мед,масло
хлопь€,блинчики
солень€,креветки,молоко,торт,картофель-фри,пирожные,зеленый чай
рис,растительное масло,творог,цукини
цельнозерновые макароны,авокадо,оливковое масло,шоколад,картофель-фри,замороженный смузи,шампанское
свежий тунец,минеральна€ вода,блинчики,торт,масло,темный шоколад,клубника,батончик без глютена
торт,печенье,зеленый чай
гамбургер,торт
минеральна€ вода,молоко,сидр,жевательна€ резинка,темный шоколад,картофель-фри,дезодорант,блинчики,энергетический напиток
эскалоп
минеральна€ вода,рис
гамбургер,гов€жий фарш,мед,черника,жевательна€ резинка,картофель-фри,свежий хлеб
картофель-фри,блинчики,батончик без глютена
свежий тунец,минеральна€ вода,авокадо,белый сыр,шоколад,картофель-фри,замороженный смузи,блинчики
эскалоп,печенье
гамбургер,шоколад,макароны,минеральна€ вода,молоко,курица,рис,картофель-фри
гамбургер,гов€жий фарш,макароны,авокадо,молоко,оливковое масло,миндаль,блинчики,мед,торт,шоколад,замороженный смузи,газированна€ вода
гамбургер,€йца,шампанское
тертый сыр
гов€жий фарш,молоко,энергетический батончик,блинчики,мед,хлопь€
креветки,минеральна€ вода,темный шоколад,зеленый чай
макароны
минеральна€ вода,картофель-фри
молоко,маффины,мед,цельнозернова€ мука,зеленый чай
сливочное масло,бекон,€йца,морковь,картофель-фри,томатный сок,зеленый чай
креветки,замороженные овощи,помидоры,макароны,€йца,шампанское,замороженный смузи
креветки,помидоры,минеральна€ вода,шоколад
минеральна€ вода,фрикадельки,оливковое масло,маффины,рис,йогурт,низкокалорийный майонез,соль
печенье
€йца,курица,цельнозернова€ мука,клубника,низкокалорийный йогурт
гамбургер,€йца,картофель-фри
обезжиренное молоко,эскалоп
макароны,минеральна€ вода,темный шоколад,зеленый чай,цукини
€йца,картофель-фри
замороженные овощи,макароны,минеральна€ вода,лосось,торт,дезодорант
фрикадельки,французское вино
торт,картофель-фри
сидр,замороженный смузи
€йца,цельнозернова€ мука,баклажаны,клубника,низкокалорийный йогурт
индейка,перец,низкокалорийный майонез,протеиновый батончик
индейка,помидоры,низкокалорийный йогурт
сем€ льна,торт,зеленый чай,картофель-фри,грибной соус,хот-дог,творог,пирожные
€йца,печенье
индейка,минеральна€ вода,рис,дезодорант,энергетический напиток,зеленый чай
€йца,эскалоп
€йца,мед,соль,зеленый чай
макароны,минеральна€ вода,картофель-фри,блинчики
зеленый чай
помидоры,макароны,минеральна€ вода,молоко,энергетический батончик,шпинат,€йца,замороженный смузи
креветки,помидоры
низкокалорийный крем,шоколад,блинчики,йогурт
индейка,€йца
картофель-фри
картофель-фри
гов€жий фарш
тертый сыр,минеральна€ вода,€йца,темный шоколад,йогурт,майонез,низкокалорийный йогурт
лосось,€йца,торт
замороженные овощи,макароны,минеральна€ вода,овощна€ смесь
креветки,минеральна€ вода,оливковое масло,€йца,торт
индейка,травы и перец,макароны,€йца
макароны,минеральна€ вода,€йца,соус дл€ гамбургеров,растительное масло,картофель-фри,пирожные
цельнозернова€ мука,хлопь€,мед
индейка,гамбургер,макароны,блинчики,кетчуп,баклажаны,картофель-фри,творог,зеленый чай
тертый сыр,травы и перец,макароны,французское вино,курица,€йца,рис,свежий хлеб
гамбургер,свежий тунец,солень€,овощна€ смесь,хот-дог,творог,пирожные,зеленый чай
помидоры,картофель-фри
эскалоп,печенье
энергетический батончик
десертное вино,минеральна€ вода,молоко
индейка,перец,черный чай,мед,торт,средство от насекомых,блинчики,низкокалорийный йогурт,зеленый чай
цельнозерновые макароны,перец,оливковое масло,рис,рис,макароны,белое вино
суп,картофель-фри
гамбургер,минеральна€ вода,эскалоп
перец,минеральна€ вода,суп,молоко,французское вино,блинчики,шоколад,спаржа
картофель-фри
картофель-фри,эскалоп
шоколад,креветки,молоко,сливочное масло,черный чай,€йца,растительное масло,соус дл€ барбекю,зеленый чай,цветна€ капуста,зубна€ паста
курица
шоколад,замороженный смузи
блинчики
курица,мед,цельнозернова€ мука,хлопь€,зеленый чай,энергетический напиток
минеральна€ вода,картофель-фри,печенье,лук-шалот,низкокалорийный йогурт
минеральна€ вода,блинчики,€йца,рис,йогурт,зеленый чай
замороженный смузи
перец,сидр
замороженные овощи,макароны,молоко,бекон,соус дл€ барбекю,низкокалорийный йогурт
замороженные овощи,пармезан,макароны,эскалоп,газированна€ вода
торт
красное вино,жевательна€ резинка,корм дл€ животных
индейка
замороженные овощи,макароны,минеральна€ вода,суп,зеленый виноград,€йца,растительное масло,овс€на€ каша
шоколад
€йца,шампанское
замороженные овощи,макароны
тертый сыр,травы и перец,гов€жий фарш,минеральна€ вода,рис,растительное масло,овс€на€ каша,шоколад
минеральна€ вода
красное вино,€йца
индейка,шпинат
гамбургер,травы и перец,креветки,цельнозернова€ мука,зеленый чай
макароны,эскалоп
свежий тунец,перец,макароны,рис,растительное масло
эскалоп
помидоры,картофель-фри,дезодорант,йогурт
рис,соус дл€ гамбургеров,картофель-фри,замороженный смузи,сэндвич,свежий хлеб
помидоры,суп,зеленый виноград,цельнозернова€ мука
тертый сыр,авокадо,картофель-фри,зеленый чай
индейка,гамбургер,макароны,французское вино,€йца
€йца,картофельное пюре
гамбургер,ветчина,макароны,суп,миндаль,блинчики,€йца,торт,хлопь€,шоколад,картофель-фри,низкокалорийный йогурт,зеленый чай
замороженные овощи,курица,блинчики
шоколад,красное вино,макароны
минеральна€ вода,молоко
свежий тунец
картофель-фри
шоколад,красное вино,макароны
печенье
помидоры,торт
замороженные овощи,помидоры,минеральна€ вода,курица,зеленый виноград,€йца,шоколад,пирожные,свежий хлеб,белое вино
блинчики,€йца
ветчина,тертый сыр,замороженные овощи,минеральна€ вода,суп,€йца,хлопь€,шоколад,картофель-фри
креветки,детска€ еда
гамбургер,креветки,помидоры,гов€жий фарш,томатный соус,макароны,суп,молоко,черный чай,хлопь€,зеленый чай
€йца,чай
€йца,низкокалорийный йогурт
ветчина,замороженные овощи,энергетический батончик,цельнозернова€ мука,зеленый чай
гов€жий фарш,томатный соус,лосось,шоколад,зеленый чай
замороженные овощи,газированна€ вода,шоколад
креветки,замороженные овощи,помидоры,цельнозерновые макароны,шоколад,картофель-фри,грибной соус
минеральна€ вода,энергетический батончик,овощна€ смесь,зеленый виноград
растительное масло,свежий хлеб
красное вино,минеральна€ вода,маффины,блинчики,мед,торт,растительное масло,цельнозернова€ мука,картофель-фри,замороженный смузи,грибной соус,хот-дог,газированна€ вода,зеленый чай
авокадо,€йца,шоколад,энергетический напиток
травы и перец,оливковое масло,свежий хлеб
макароны,энергетический батончик,блинчики,рис,торт,картофель-фри,низкокалорийный йогурт
замороженные овощи,макароны,минеральна€ вода,соус дл€ барбекю,шоколад
шоколад,травы и перец,креветки,замороженные овощи,помидоры,гов€жий фарш,макароны,минеральна€ вода,€йца
рис,замороженный смузи,низкокалорийный йогурт,зеленый чай
гамбургер,красное вино,минеральна€ вода,торт,зеленый чай
красное вино,минеральна€ вода,суп,€йца,корм дл€ животных,томатный сок,свежий хлеб
тертый сыр,гов€жий фарш,перец,макароны,молоко,блинчики
гамбургер,креветки,замороженные овощи,помидоры,низкокалорийный крем,темный шоколад
картофель-фри
цельнозернова€ мука,картофель-фри,пирожные
торт,м€тный зеленый чай
макароны,минеральна€ вода,торт,низкокалорийный крем,растительное масло,баклажаны,творог,блинчики
гов€жий фарш,минеральна€ вода,молоко,овс€на€ каша,шоколад,картофель-фри,эскалоп,йогурт,томатный сок
оливковое масло,торт,баклажаны,картофель-фри,пирожные,соль,свежий хлеб
минеральна€ вода,французское вино,зеленый чай
минеральна€ вода,оливковое масло,сыр,блинчики,аксессуары,картофель-фри,клубника
макароны,оливковое масло
тертый сыр,гов€жий фарш,миндаль,лосось,шпинат,соус дл€ барбекю,шоколад,замороженный смузи,свежий хлеб,зеленый чай
помидоры,перец,минеральна€ вода
эскалоп
макароны
минеральна€ вода,суп,молоко,оливковое масло,зелена€ фасоль,картофель-фри,зеленый чай
торт,картофель-фри
гамбургер,рис,ветчина,баклажаны
гамбургер,десертное вино,сыр,картофель-фри
хот-дог
авокадо
тертый сыр,красное вино,томатный соус,молоко,французское вино,рис,цельнозернова€ мука,картофель-фри
индейка,гамбургер,замороженные овощи,минеральна€ вода,обезжиренное молоко,шампанское,клубника,низкокалорийный йогурт
шоколад
макароны,мед,растительное масло,печенье,картофельное пюре
десертное вино,€йца,картофель-фри
индейка,гамбургер,французское вино,картофель-фри,зеленый чай
минеральна€ вода,суп,фрикадельки,энергетический батончик,творог,пирожные,шампунь
индейка,шоколад,рис,масло
гов€жий фарш,шоколад,эскалоп
картофель-фри
шоколад,молоко,оливковое масло
хлопь€,шоколад,шампанское,зеленый чай
клубника
цельнозерновые макароны,гов€жий фарш,минеральна€ вода,оливковое масло,зеленый чай
макароны
молоко,€йца
замороженные овощи,макароны,минеральна€ вода,замороженный смузи,творог,зеленый чай
минеральна€ вода
суп,печенье,пирожные,низкокалорийный майонез
минеральна€ вода,шоколад,французское вино,шампанское
шоколад
картофель-фри,блинчики,йогурт
гамбургер,свежий тунец,креветки,макароны,шоколад,французское вино,чатни,блинчики,€йца,рис,растительное масло,картофель-фри,низкокалорийный майонез
масло,замороженный смузи
красное вино,минеральна€ вода,оливковое масло
перец,молоко,лосось
тертый сыр,хлопь€
помидоры,молоко,миндаль,лосось,блинчики,морковь,салат,свежий хлеб
тертый сыр,травы и перец,гов€жий фарш,суп,миндаль,картофель-фри,печенье
креветки,помидоры
молоко,торт
индейка,макароны,молоко,энергетический батончик,французское вино,€йца,баклажаны,картофель-фри,печенье,зеленый чай
индейка,свежий тунец,помидоры,блинчики
рис
гов€жий фарш,томатный соус,макароны,молоко,хот-дог,пирожные,зеленый чай
соль,свежий хлеб
молоко,зеленый чай
гамбургер,помидоры,макароны,молоко,соус дл€ барбекю,замороженный смузи,зеленый чай
кекс,йогурт
рис,торт,рис
креветки,замороженные овощи,минеральна€ вода,фрикадельки,энергетический батончик,картофель-фри,зеленый чай
курица,маффины,мед,йогурт
энергетический батончик,черный чай,€йца,курица,шампанское,низкокалорийный майонез
суп,оливковое масло,низкокалорийный майонез,цукини,зеленый чай
маффины,батончик без глютена
французское вино,картофель-фри
протеиновый батончик,томатный сок
шоколад,картофель-фри,эскалоп,шампунь
картофель-фри,энергетический напиток
помидоры,макароны,оливковое масло,масло
минеральна€ вода,фрикадельки,молоко
пирожные
гамбургер,макароны,авокадо,зелена€ фасоль
энергетический батончик,€йца
маффины,зеленый виноград,хот-дог
шоколад,миндаль,шампанское,замороженный смузи
энергетический батончик,пирожные
индейка,замороженные овощи,авокадо,€йца,рис,дын€,цукини
протеиновый батончик
гамбургер,креветки,помидоры,минеральна€ вода,суп,блинчики,растительное масло,низкокалорийный йогурт
шоколад,макароны,минеральна€ вода,курица,томатный сок
молоко,эскалоп,лук-шалот,клубника
минеральна€ вода,молоко,масло,шоколад,эскалоп,хот-дог,йогурт
молоко,шоколад
оливковое масло
минеральна€ вода,молоко,французское вино,€йца,шоколад
минеральна€ вода,мед
креветки,низкокалорийный крем,рис,растительное масло,курица,темный шоколад,картофель-фри
тертый сыр,макароны,минеральна€ вода,баклажаны,зеленый чай,энергетический напиток,низкокалорийный майонез
энергетический батончик
сливочное масло,томатный сок,журнал,низкокалорийный йогурт
травы и перец,минеральна€ вода,лосось,цельнозернова€ мука,низкокалорийный майонез,соль,шампунь,конфеты
макароны
минеральна€ вода,молоко,€йца,шоколад
индейка,креветки,замороженные овощи,макароны,минеральна€ вода,зубна€ паста
молоко,€йца,торт,картофель-фри
печенье
печенье
макароны,молоко,оливковое масло,низкокалорийный йогурт
индейка,гамбургер,макароны,рис,низкокалорийный крем,шоколад,низкокалорийный майонез
печенье
тертый сыр,томатный соус,макароны,белый сыр,дезодорант
блинчики,энергетический напиток
креветки,замороженные овощи,замороженный смузи
сидр,€йца,рис,картофель-фри
минеральна€ вода,энергетический батончик,шоколад,дезодорант,низкокалорийный йогурт
минеральна€ вода,торт
минеральна€ вода,торт
томатный сок
травы и перец,креветки,гов€жий фарш,минеральна€ вода,€йца,торт,зеленый чай,дын€
ветчина,травы и перец,гов€жий фарш,шоколад,низкокалорийный крем,замороженный смузи,шампанское,свежий хлеб
травы и перец,макароны,минеральна€ вода,€йца
помидоры,минеральна€ вода,молоко
макароны,€йца
красное вино,молоко,€йца,кекс,соль,белое вино
€йца,йогурт
м€тный зеленый чай
печенье
тертый сыр,€йца,картофель-фри
тертый сыр,энергетический батончик,низкокалорийный крем,растительное масло,эскалоп
замороженные овощи,цельнозерновые макароны,гов€жий фарш,минеральна€ вода,молоко,курица,€йца,шоколад,картофель-фри
минеральна€ вода,хлопь€,шоколад,свежий хлеб
энергетический батончик,белый сыр
помидоры,€йца,курица,кекс,низкокалорийный йогурт
помидоры,гов€жий фарш,макароны,минеральна€ вода,молоко
индейка,гамбургер,ветчина,помидоры,молоко,€йца,шоколад,картофель-фри,низкокалорийный йогурт
гамбургер,помидоры,шоколад
творог
шоколад
травы и перец,гов€жий фарш,макароны,оливковое масло
блинчики,соль,томатный сок
масло,растительное масло,шоколад,грибной соус,пирожные
ветчина,замороженные овощи,помидоры,макароны,шоколад,торт
белый сыр,€йца,картофель-фри
гамбургер,тертый сыр,сидр,лосось,торт
креветки,суп
лосось
гамбургер,€йца,зеленый чай
торт,зубна€ паста
тертый сыр,красное вино
цельнозерновые макароны,макароны,минеральна€ вода,оливковое масло
минеральна€ вода,молоко,оливковое масло,курица
свежий тунец,€йца
батат,белый сыр,лосось,шоколад,замороженный смузи,низкокалорийный майонез
батат
€йца,печенье
минеральна€ вода,фрикадельки,блинчики
минеральна€ вода
гамбургер,тертый сыр,цельнозерновые макароны,макароны,минеральна€ вода,€йца,рис,черника,растительное масло,цельнозернова€ мука,протеиновый батончик
мед,низкокалорийный крем,масло,курица,зеленый чай,шоколад,хот-дог
€йца,шоколад
шоколад
макароны,картофель-фри,эскалоп,зеленый чай
индейка,€йца,свежий хлеб
индейка,€йца,средство от насекомых,печенье,низкокалорийный йогурт
индейка,шоколад,€йца,жевательна€ резинка,шампанское,зеленый чай
€йца,торт,картофель-фри
гамбургер,зеленый чай,шоколад
рис,шоколад,эскалоп
сливочное масло,растительное масло,шоколад,картофель-фри
помидоры,молоко
минеральна€ вода,зеленый чай
белый сыр
красное вино,гов€жий фарш,макароны,минеральна€ вода,€йца,газированна€ вода,растительное масло,цукини
травы и перец,гов€жий фарш,томатный соус,суп,€йца,эскалоп
минеральна€ вода,рис,эскалоп
красное вино,креветки,макароны,минеральна€ вода,суп,молоко,шампанское
рис,замороженный смузи
замороженные овощи,шоколад,рис
минеральна€ вода,шоколад
гамбургер
€йца,картофель-фри,энергетический напиток
миндаль,€йца,печенье
€йца,замороженный смузи,творог,низкокалорийный йогурт
гамбургер
торт,замороженный смузи
€йца,картофель-фри
тертый сыр,травы и перец,минеральна€ вода,сем€ льна,блинчики,замороженный смузи,сэндвич,хот-дог,пирожные
макароны,сливочное масло,€йца,торт,шоколад,картофель-фри
блинчики,картофель-фри
свежий тунец,травы и перец,креветки,замороженные овощи,курица,шоколад,низкокалорийный йогурт
картофель-фри,печенье
йогурт
тертый сыр
макароны
перец,минеральна€ вода,шоколад,обезжиренное молоко
замороженные овощи,€йца,шоколад
помидоры,минеральна€ вода,суп,оливковое масло,средство от насекомых
гамбургер,красное вино,замороженные овощи,курица,замороженный смузи
€йца
красное вино,гов€жий фарш,макароны,черника
креветки,замороженные овощи,помидоры,торт,зеленый чай,блинчики
минеральна€ вода,молоко,шпинат,рис,свежий хлеб
гов€жий фарш,макароны
клубника
соус дл€ барбекю
гамбургер,тертый сыр,картофель-фри
овощна€ смесь,обезжиренное молоко,блинчики
гамбургер,креветки,макароны,молоко,французское вино,торт,зелена€ фасоль,картофель-фри
сидр,€йца
гамбургер,€йца,картофель-фри
томатный соус,минеральна€ вода
замороженные овощи,макароны
индейка,ветчина,красное вино,креветки,минеральна€ вода,курица,блинчики,торт,белое вино
блинчики,растительное масло,шоколад
гамбургер,макароны
креветки,замороженные овощи,макароны,минеральна€ вода,молоко,сыр
помидоры,гов€жий фарш,фрикадельки,лосось,€йца,шампанское,замороженный смузи,низкокалорийный йогурт,м€та
перец,молоко,низкокалорийный крем,курица,шоколад,замороженный смузи,грибной соус
индейка,блинчики,€йца
зеленый чай
эскалоп
индейка,гов€жий фарш,перец,сем€ льна,бекон,лосось,корм дл€ животных
минеральна€ вода,сидр
картофель-фри,томатный сок,свежий хлеб
травы и перец,томатный соус,макароны,минеральна€ вода,авокадо,молоко,оливковое масло,бекон,блинчики,рис,цельнозернова€ мука,хлопь€,картофель-фри,замороженный смузи
шоколад,блинчики
гамбургер
маффины
замороженные овощи,хлопь€,шоколад,картофель-фри,эскалоп,шампанское,томатный сок
минеральна€ вода,лосось
молоко,торт,печенье,грибной соус
томатный соус,шампанское,зеленый чай
минеральна€ вода,чай,эскалоп,свежий хлеб,журнал
ветчина,суп,мед
индейка,помидоры,макароны,минеральна€ вода,шоколад,молоко,замороженный смузи,зеленый чай
креветки,минеральна€ вода,молоко,протеиновый батончик,томатный сок
печенье,низкокалорийный майонез
шоколад,картофель-фри,печенье,лук-шалот,низкокалорийный йогурт
молоко,пирожные
травы и перец,молоко,сидр,растительное масло,хот-дог
оливковое масло,низкокалорийный майонез
помидоры,гов€жий фарш,минеральна€ вода,оливковое масло,белый сыр,мед,низкокалорийный крем,замороженный смузи,свежий хлеб
индейка,минеральна€ вода,€йца,торт,картофель-фри,йогурт
картофель-фри
помидоры,молоко,шоколад,печенье,клубника,свежий хлеб
креветки,замороженные овощи,оливковое масло,€йца,низкокалорийный майонез,низкокалорийный йогурт
минеральна€ вода
гамбургер,оливковое масло,мед,темный шоколад
картофель-фри
гов€жий фарш,макароны,зеленый чай
макароны,курица,мед,овс€на€ каша,зеленый чай,шоколад,картофель-фри,замороженный смузи,печенье,грибной соус,журнал
шоколад,масло,журнал
гамбургер,помидоры,французское вино,€йца,картофель-фри
шоколад
минеральна€ вода,рис,блинчики,майонез,низкокалорийный йогурт
макароны,минеральна€ вода,оливковое масло,сыр,мед,хлопь€,шоколад
минеральна€ вода,молоко,торт,картофель-фри,шампанское,зеленый чай
мед
тертый сыр
оливковое масло,миндаль,зеленый виноград,томатный сок,свежий хлеб
молоко,обезжиренное молоко,маффины
фрикадельки,чай,замороженный смузи,эскалоп,грибной соус,зеленый чай
молоко,оливковое масло,французское вино,кетчуп
макароны,минеральна€ вода,зеленый чай
торт
молоко,€йца,шампанское
креветки,минеральна€ вода,шоколад,молоко,газированна€ вода,овс€на€ каша,белое вино
сем€ льна,зеленый чай
гов€жий фарш,торт
макароны,масло
креветки,€йца
индейка,конфеты
гамбургер
макароны
томатный соус
свежий тунец,помидоры,макароны,курица,торт,эскалоп
гов€жий фарш,молоко,энергетический батончик,низкокалорийный крем
картофель-фри
гамбургер,травы и перец,красное вино,молоко,черный чай,курица,блинчики,€йца,торт,м€тный зеленый чай
индейка,помидоры,лосось,замороженный смузи
шоколад
ветчина,креветки,минеральна€ вода,сидр
курица,печенье
шоколад,креветки,замороженные овощи,гов€жий фарш,макароны,минеральна€ вода
сливочное масло,блинчики,курица,замороженный смузи,низкокалорийный йогурт
травы и перец,молоко,€йца,хлопь€,свежий хлеб,белое вино,низкокалорийный йогурт
свежий тунец,блинчики,рис,шоколад,батончик без глютена,дын€,свежий хлеб,низкокалорийный йогурт
€йца,газированна€ вода,батончик без глютена,белое вино
креветки,молоко,торт,средство от насекомых,растительное масло,хлопь€,энергетический напиток,соль
креветки,замороженные овощи,минеральна€ вода,молоко,€йца,торт,жевательна€ резинка,эскалоп,свежий хлеб
хлопь€,зеленый чай
французское вино,мед,низкокалорийный майонез
индейка,макароны,минеральна€ вода,молоко,курица,€йца,торт,зеленый чай
эскалоп
молоко,сидр,€йца,картофель-фри,печенье,зеленый чай
индейка,гамбургер,шоколад,макароны,овощна€ смесь,средство от насекомых,курица,чили,зеленый чай,клубника,детска€ еда,томатный сок,свежий хлеб
€йца,картофель-фри,низкокалорийный йогурт,мед
минеральна€ вода,энергетический батончик,шоколад,картофель-фри,дезодорант,низкокалорийный йогурт
ветчина,травы и перец,перец,шампанское,белое вино
суп,свежий хлеб
энергетический батончик,мед,торт,низкокалорийный йогурт,зеленый чай
индейка,минеральна€ вода,сливочное масло,французское вино,бекон,€йца,рис,растительное масло,низкокалорийный йогурт
гамбургер,тертый сыр,травы и перец,гов€жий фарш,шоколад,молоко,сидр,€йца,рис,торт,масло,баклажаны
гамбургер,помидоры,минеральна€ вода,€йца,картофель-фри,клубника,зеленый чай
ветчина,макароны
гамбургер,замороженные овощи,помидоры,€йца,торт,растительное масло
минеральна€ вода,€йца,торт
печенье
индейка,креветки,замороженные овощи,помидоры,макароны,минеральна€ вода,суп,молоко,оливковое масло,блинчики,курица,шоколад,хот-дог,низкокалорийный майонез,томатный сок
творог
тертый сыр,шоколад,французское вино,курица
эскалоп
тертый сыр,замороженные овощи,гов€жий фарш,перец,макароны,зеленый чай
шоколад,шампанское,низкокалорийный йогурт
минеральна€ вода,блинчики,рис,конфеты
суп,авокадо,картофель-фри,замороженный смузи,низкокалорийный майонез,томатный сок,зеленый чай
замороженные овощи,помидоры,сливочное масло,€йца,торт,средство от насекомых
помидоры,макароны,минеральна€ вода,молоко,рис,торт
минеральна€ вода,низкокалорийный йогурт
креветки,макароны,молоко,сидр,€йца,картофель-фри,блинчики,низкокалорийный йогурт
печенье
помидоры,гов€жий фарш,сем€ льна,€йца,морковь,зеленый чай,печенье,лук-шалот
конфеты
гов€жий фарш,макароны,лосось
индейка,замороженные овощи,гов€жий фарш,минеральна€ вода,шоколад,суп,молоко
молоко,шампанское,грибной соус
сливочное масло,маффины,блинчики,масло,картофель-фри,журнал
минеральна€ вода,оливковое масло
ветчина,гов€жий фарш,минеральна€ вода,низкокалорийный йогурт
тертый сыр
зеленый чай
черный чай,французское вино,шоколад,картофель-фри,лук-шалот,пирожные,блинчики,зубна€ паста
гамбургер,макароны,молоко,бекон,€йца,шоколад,картофель-фри,печенье,зеленый чай
солень€,шампанское
минеральна€ вода,овощна€ смесь,€йца,растительное масло
суп,молоко
зеленый чай,замороженный смузи
замороженные овощи,томатный соус,минеральна€ вода,молоко,оливковое масло,картофель-фри
картофель-фри
минеральна€ вода,суп,рис
эскалоп
масло
красное вино,замороженные овощи
молоко,€йца,ветчина,картофель-фри
тертый сыр,креветки
гамбургер,картофель-фри,лук-шалот,зеленый чай
печенье
травы и перец,креветки,минеральна€ вода
молоко,сливочное масло,€йца,зубна€ паста
творог
макароны,шоколад,молоко,€йца,торт,растительное масло
торт
гамбургер,креветки,минеральна€ вода,молоко,энергетический батончик,рис,пирожные,йогурт
печенье,мед
гамбургер,креветки,макароны,французское вино,курица,зеленый виноград,зеленый чай,журнал,низкокалорийный йогурт
печенье
солень€,картофель-фри,йогурт
макароны,минеральна€ вода,молоко,сыр,шоколад,шампанское,замороженный смузи
тертый сыр,макароны,€йца
травы и перец,гов€жий фарш,макароны,минеральна€ вода,блинчики,томатный сок
энергетический напиток
печенье
эскалоп
свежий тунец,креветки,гов€жий фарш,оливковое масло,печенье,свежий хлеб
замороженные овощи,минеральна€ вода
шоколад,курица,конфеты
тертый сыр,красное вино,помидоры,томатный соус,макароны,минеральна€ вода,шоколад,миндаль,белый сыр,€йца,торт,черника,растительное масло
молоко
гамбургер,свежий тунец,помидоры,минеральна€ вода,фрикадельки,молоко,французское вино,сидр,€йца,торт,растительное масло,хот-дог,зеленый чай
французское вино,мед,рис
творог
шоколад
индейка,травы и перец,креветки,минеральна€ вода,€йца,жевательна€ резинка,зеленый чай,эскалоп
торт,соус дл€ барбекю,эскалоп
зеленый чай
замороженные овощи,€йца,торт
овощна€ смесь,€йца,эскалоп
минеральна€ вода
тертый сыр,курица,низкокалорийный йогурт
красное вино,помидоры,минеральна€ вода,французское вино,блинчики
макароны,торт,низкокалорийный майонез,свежий хлеб
блинчики,€йца
красное вино,французское вино,лосось,картофель-фри
цельнозерновые макароны,гов€жий фарш,минеральна€ вода,суп,обезжиренное молоко,блинчики,€йца
торт,картофель-фри
гамбургер,молоко,€йца,картофель-фри
лосось
авокадо,€йца,курица,шоколад
помидоры,минеральна€ вода,блинчики
десертное вино,травы и перец,перец,йогурт,свежий хлеб,зеленый чай
гов€жий фарш,минеральна€ вода,€йца,йогурт
гов€жий фарш,молоко,торт
макароны,€йца,картофель-фри
шоколад,помидоры,минеральна€ вода,торт,зеленый чай
€йца
фрикадельки,баклажаны
фрикадельки,черный чай,€йца
перец,макароны,сыр
свежий тунец,красное вино,макароны,минеральна€ вода,суп,бекон,блинчики,€йца,растительное масло
зеленый чай
шоколад,макароны,минеральна€ вода,молоко,лосось,зеленый чай,эскалоп,грибной соус
минеральна€ вода,суп,авокадо,зеленый чай
индейка,красное вино,замороженные овощи,гов€жий фарш,блинчики,корм дл€ животных,протеиновый батончик
креветки,помидоры,минеральна€ вода,суп,оливковое масло,шоколад,эскалоп,йогурт,зеленый чай
замороженные овощи,минеральна€ вода,хлопь€,газированна€ вода,энергетический напиток
минеральна€ вода
печенье
печенье
креветки,€йца,торт,картофель-фри,м€та,зеленый чай
шоколад,перец,макароны,минеральна€ вода,обезжиренное молоко,рис,картофель-фри,шампанское
печенье
курица,шоколад,шампанское
тертый сыр,замороженные овощи,минеральна€ вода,суп,овощна€ смесь,блинчики,растительное масло,морковь,картофель-фри,эскалоп,м€та
€йца,картофель-фри,пирожные,клубника
минеральна€ вода,лосось,€йца,торт,цветна€ капуста,низкокалорийный йогурт
€йца,рис,замороженный смузи,низкокалорийный йогурт
бекон,€йца
€йца
тертый сыр,лосось,торт,шампанское
креветки,макароны,минеральна€ вода,низкокалорийный крем
энергетический батончик
свежий хлеб
печенье
картофель-фри,клубника,низкокалорийный йогурт,конфеты
эскалоп,лук-шалот,белое вино
гамбургер,тертый сыр,травы и перец,красное вино,пармезан,гов€жий фарш,макароны,авокадо,€йца,аксессуары,свежий хлеб
гамбургер,эскалоп,соль
€йца,печенье
замороженные овощи,пармезан,сливочное масло,морковь,овс€на€ каша,зеленый чай,хот-дог
индейка,тертый сыр,гов€жий фарш,минеральна€ вода,молоко,обезжиренное молоко,картофель-фри
гамбургер,креветки,цельнозерновые макароны,макароны,французское вино,€йца,шоколад
минеральна€ вода,€йца
гов€жий фарш,томатный соус,минеральна€ вода,фрикадельки,курица,пирожные,свежий хлеб,низкокалорийный йогурт
гамбургер,€йца
замороженные овощи,низкокалорийный майонез
красное вино,замороженный смузи,печенье,шампанское
ветчина,минеральна€ вода,молоко,картофель-фри,детска€ еда
картофель-фри
индейка,мед,растительное масло,зеленый чай
макароны
минеральна€ вода,замороженный смузи
торт,низкокалорийный йогурт
печенье,хот-дог
печенье
сем€ льна,зеленый чай,мед
свежий тунец,креветки,замороженные овощи,минеральна€ вода,молоко,оливковое масло,картофель-фри
курица
тертый сыр,гов€жий фарш,перец,макароны,растительное масло,курица,кукуруза
торт,картофель-фри
ветчина,солень€,мед,творог,зеленый чай
картофель-фри,замороженный смузи,энергетический напиток
молоко,курица,€йца,блинчики
оливковое масло,блинчики,растительное масло
гамбургер,макароны,молоко,шоколад,картофель-фри,печенье,зеленый чай
печенье
гов€жий фарш,макароны,конфеты
торт,картофель-фри
€йца,зеленый чай,грибной соус,клубника
€йца
индейка,гамбургер,помидоры,макароны,€йца,цельнозернова€ мука,блинчики
гамбургер,молоко,€йца,торт,аксессуары,картофель-фри
макароны
молоко,€йца
индейка,€йца,рис,зеленый чай
свежий тунец,тертый сыр,макароны,минеральна€ вода,лосось,€йца,картофельное пюре
блинчики
эскалоп,низкокалорийный йогурт
шоколад,креветки,замороженные овощи,макароны,минеральна€ вода,оливковое масло,€йца,торт,низкокалорийный крем,йогурт
сыр,томатный сок,низкокалорийный йогурт,зеленый чай
индейка,гамбургер,креветки,гов€жий фарш,макароны,минеральна€ вода,молоко,оливковое масло,лосось,мед,рис,рис,соус дл€ гамбургеров,картофель-фри,хот-дог,протеиновый батончик
помидоры,эскалоп
печенье
тертый сыр,макароны,картофель-фри
печенье
€йца,торт
шампунь,детска€ еда
гамбургер,индейка,травы и перец,креветки,томатный соус,низкокалорийный крем,растительное масло,корм дл€ животных,шоколад
€йца,картофель-фри
минеральна€ вода,торт,картофель-фри
травы и перец,замороженные овощи,гов€жий фарш,минеральна€ вода
свежий тунец,минеральна€ вода,блинчики,чай,шоколад,эскалоп
авокадо,энергетический батончик,маффины,картофель-фри
€йца,шоколад,эскалоп
гамбургер,десертное вино,шампанское,замороженный смузи,печенье,хот-дог,зеленый чай
креветки,картофель-фри,шампанское,печенье,блинчики,йогурт,низкокалорийный майонез,зеленый чай
минеральна€ вода,лосось
минеральна€ вода,суп,растительное масло
гамбургер,молоко,крем
гов€жий фарш,минеральна€ вода,масло,соус дл€ барбекю,замороженный смузи,пирожные,белое вино,зеленый чай
гамбургер,€йца
авокадо,молоко,€йца,ветчина,шоколад,картофель-фри,блинчики,зеленый чай
печенье
креветки,гов€жий фарш,макароны,оливковое масло,белый сыр,€йца,низкокалорийный йогурт
красное вино,гов€жий фарш,лосось,€йца,рис,растительное масло,картофель-фри,замороженный смузи,шампанское,цветна€ капуста,низкокалорийный йогурт,мед
креветки,замороженные овощи,помидоры,пармезан,цельнозерновые макароны,гов€жий фарш,макароны,энергетический батончик,корм дл€ животных,творог
макароны
печенье
€йца
свежий тунец,макароны,сем€ льна,блинчики,хот-дог
энергетический батончик,пирожные
минеральна€ вода,рис,торт
печенье
индейка,гамбургер,минеральна€ вода,растительное масло,кекс,блинчики
минеральна€ вода,зеленый виноград,растительное масло
креветки
индейка,тертый сыр,томатный соус,макароны,шоколад,€йца
индейка,гамбургер,макароны,минеральна€ вода,шоколад,суп,авокадо,молоко,рис,торт,пирожные,блинчики,белое вино
молоко,энергетический батончик,эскалоп,белое вино
оливковое масло,сем€ льна,блинчики,низкокалорийный крем,масло,курица
низкокалорийный майонез
индейка,€йца
шоколад,травы и перец,помидоры,цельнозерновые макароны,макароны,минеральна€ вода,оливковое масло,овощна€ смесь,блинчики,хот-дог
гамбургер,€йца
рис
помидоры,макароны,минеральна€ вода,оливковое масло,зеленый чай
шоколад,творог
шоколад,сливочное масло,лосось,маффины,морковь,эскалоп,низкокалорийный йогурт,зеленый чай
гамбургер,замороженные овощи,макароны,шоколад,миндаль,блинчики,€йца,рис,свежий хлеб
тертый сыр,молоко,энергетический батончик,лосось,овощна€ смесь,€йца,ежевика,эскалоп,батончик без глютена,цветна€ капуста
свежий тунец,€йца,картофель-фри,зеленый чай
креветки,гов€жий фарш,блинчики,растительное масло,белое вино
€йца,торт,рис,картофель-фри,замороженный смузи,йогурт
замороженные овощи,минеральна€ вода,оливковое масло,пирожные,низкокалорийный йогурт
макароны,минеральна€ вода,оливковое масло,сем€ льна,€йца,зеленый чай
макароны,мед,низкокалорийный йогурт
конфеты
тертый сыр,замороженные овощи,гов€жий фарш,оливковое масло,сливочное масло,лосось,черника,масло,шоколад,низкокалорийный майонез
торт,курица,соус дл€ барбекю,клубника,зеленый чай
индейка
€йца,картофель-фри
цельнозерновые макароны,цукини
конфеты,зеленый чай
конфеты
пирожные
гамбургер,миндаль,курица,низкокалорийный майонез,зеленый чай
красное вино,макароны,растительное масло,курица,темный шоколад,цельнозернова€ мука,замороженный смузи,клубника,энергетический напиток
печенье
макароны,сыр
шоколад,минеральна€ вода,лосось,рис,курица,аксессуары
маффины,клубника,мед
креветки,помидоры,макароны,минеральна€ вода,шоколад,молоко,средство от насекомых
овощна€ смесь,торт,рис
свежий тунец,ветчина,шоколад,замороженные овощи,цельнозерновые макароны,черный чай,сыр,творог,цукини
красное вино,французское вино,рис,зелена€ фасоль
картофель-фри,шампанское,сэндвич,клубника,йогурт,зеленый чай
индейка,гов€жий фарш
печенье
овощна€ смесь,картофель-фри,зеленый чай
минеральна€ вода
шампанское
печенье
гов€жий фарш
гамбургер,перец
печенье,детска€ еда
замороженные овощи,перец,сидр,зеленый чай,печенье,лук-шалот,грибной соус,шампунь,низкокалорийный йогурт
торт,картофель-фри
гамбургер,свежий тунец,авокадо
печенье
картофель-фри
печенье,низкокалорийный йогурт
хлопь€,пирожные
гамбургер,ветчина,тертый сыр,гов€жий фарш,макароны,миндаль,растительное масло,хлопь€,зеленый чай,шампунь
шоколад,картофель-фри
картофель-фри,блинчики
€йца
тертый сыр
овощна€ смесь
картофель-фри
торт,картофель-фри
зеленый чай
рис,шоколад
молоко
эскалоп
помидоры,минеральна€ вода,€йца,морковь,пирожные
красное вино,макароны,лосось,овощна€ смесь,хлопь€,замороженный смузи
творог,м€та
свежий тунец,оливковое масло,энергетический батончик,блинчики,замороженный смузи
шоколад,свежий хлеб,мед
минеральна€ вода,дын€,зеленый чай
авокадо
конфеты
€йца,рис
рис,шоколад,картофель-фри,замороженный смузи,эскалоп,низкокалорийный йогурт,конфеты
травы и перец,гов€жий фарш,макароны,растительное масло,хот-дог,пирожные,йогурт,цветна€ капуста,низкокалорийный йогурт
авокадо,черный чай,€йца
шампанское
курица
гамбургер,€йца,картофель-фри,блинчики
минеральна€ вода,баклажаны,низкокалорийный йогурт
гамбургер,солень€,энергетический батончик,блинчики,торт,хот-дог
печенье
креветки,замороженные овощи,овощна€ смесь,зеленый виноград,€йца,шампанское
гамбургер,эскалоп,макароны,грибной соус
минеральна€ вода,низкокалорийный йогурт
помидоры,минеральна€ вода,торт,пирожные,дезодорант,энергетический напиток,зеленый чай
индейка,эскалоп
креветки,минеральна€ вода
шампанское
индейка,травы и перец,рис,растительное масло,картофель-фри,низкокалорийный майонез
блинчики,свежий хлеб
свежий тунец,замороженные овощи,помидоры,пармезан,цельнозерновые макароны,макароны,суп,авокадо,молоко,€йца,растительное масло,мед,йогурт,протеиновый батончик,свежий хлеб,журнал
индейка,рис,эскалоп
рис
€йца,мед,пирожные
помидоры,газированна€ вода,хот-дог,дезодорант,энергетический напиток
гамбургер,гов€жий фарш,минеральна€ вода,€йца,рис,растительное масло,картофель-фри,творог,дезодорант
гов€жий фарш,минеральна€ вода,€йца
тертый сыр,рис,средство от насекомых,макароны,зеленый чай
минеральна€ вода,молоко,€йца,пирожные,энергетический напиток
энергетический батончик
замороженные овощи,блинчики,низкокалорийный йогурт
йогурт,мед
торт
хлопь€
эскалоп,макароны,грибной соус
оливковое масло,низкокалорийный майонез
творог
травы и перец,гов€жий фарш,шампанское,зеленый чай
хот-дог
макароны,картофель-фри,энергетический напиток
ветчина,креветки,гов€жий фарш,минеральна€ вода,авокадо,молоко,пирожные,протеиновый батончик
минеральна€ вода,миндаль,творог,низкокалорийный майонез
протеиновый батончик
красное вино,конфеты
минеральна€ вода,авокадо,молоко,миндаль,€йца,картофель-фри,дын€
травы и перец
овощна€ смесь,эскалоп
помидоры,молоко
молоко,лосось
€йца
минеральна€ вода,овощна€ смесь,рис,низкокалорийный майонез
овощна€ смесь
маффины,печенье,зеленый чай
тертый сыр,шпинат,€йца,растительное масло,зеленый чай,салат
клубника
минеральна€ вода,торт,курица,картофель-фри,томатный сок
минеральна€ вода,хлопь€
шоколад,картофель-фри
гамбургер,минеральна€ вода,€йца
минеральна€ вода,свежий хлеб
минеральна€ вода
минеральна€ вода,энергетический напиток
тертый сыр,замороженные овощи,мед,картофель-фри,эскалоп
суп
авокадо,шпинат,йогурт
пирожные
перец,макароны,сидр,шампанское
шампанское,печенье
зеленый чай
шампанское
индейка,суп,жевательна€ резинка
мед,печенье
тертый сыр,травы и перец,макароны,суп,оливковое масло,сыр,шампунь,зеленый чай
макароны,минеральна€ вода
тертый сыр
цельнозерновые макароны,средство от насекомых,хлопь€,картофель-фри,эскалоп,салат
индейка,гов€жий фарш,эскалоп,зеленый чай
гов€жий фарш,минеральна€ вода,французское вино,низкокалорийный майонез,мед
солень€,помидоры,шпинат,картофель-фри
шоколад,шампанское,эскалоп
картофель-фри,зеленый чай
красное вино,минеральна€ вода,зелена€ фасоль,картофель-фри
гов€жий фарш,перец,макароны,минеральна€ вода,суп,молоко,обезжиренное молоко,пирожные
гов€жий фарш,перец,макароны,суп,оливковое масло,морковь
картофель-фри
печенье
обезжиренное молоко
энергетический батончик
помидоры
м€та
тертый сыр,минеральна€ вода
замороженный смузи
замороженный смузи
замороженный смузи,хот-дог
замороженные овощи
молоко,шампанское
печенье
печенье
курица,€йца,низкокалорийный майонез,зеленый чай
шоколад
картофель-фри,эскалоп,макароны,грибной соус
низкокалорийный йогурт
минеральна€ вода,энергетический батончик
м€та
молоко,французское вино,курица,эскалоп
черника,шампанское
черный чай
овощна€ смесь
маффины
индейка,тертый сыр,замороженные овощи,минеральна€ вода,оливковое масло,лосось,обезжиренное молоко,растительное масло,низкокалорийный йогурт
картофель-фри
фрикадельки,торт
шпинат,€йца,масло,шоколад,печенье,томатный сок,свежий хлеб
макароны,растительное масло,зеленый чай,печенье,цукини
индейка,тертый сыр,минеральна€ вода,торт,картофель-фри
шампанское,хот-дог
гамбургер,сливочное масло
шоколад,молоко,€йца,протеиновый батончик,зеленый чай
шоколад
цветна€ капуста
макароны,минеральна€ вода,шоколад,картофель-фри,замороженный смузи,хот-дог,шампунь,низкокалорийный йогурт
шоколад,маффины,растительное масло,картофель-фри
гамбургер,минеральна€ вода,блинчики,€йца,замороженный смузи
индейка,тертый сыр,помидоры,гов€жий фарш,макароны,минеральна€ вода,фрикадельки,молоко,курица,€йца,рис,картофель-фри
десертное вино,гов€жий фарш,макароны,минеральна€ вода,лосось,шампанское
шампанское
индейка,замороженные овощи,гов€жий фарш,минеральна€ вода,суп,авокадо,лосось,торт,м€тный зеленый чай,чай,низкокалорийный йогурт
ветчина
печенье,мед
шоколад,картофель-фри,макароны,шампанское,зеленый чай
макароны,французское вино,белый сыр,хлопь€,морковь,творог,йогурт
помидоры,минеральна€ вода,авокадо,фрикадельки,€йца,хлопь€
макароны,минеральна€ вода,белый сыр,мед,картофель-фри,низкокалорийный йогурт
молоко,лосось
гов€жий фарш,минеральна€ вода,€йца
зеленый чай
сливочное масло,шоколад,картофель-фри
минеральна€ вода,авокадо,фрикадельки
эскалоп
хот-дог,салат
эскалоп
картофель-фри
шоколад
индейка,макароны,соус дл€ барбекю,картофель-фри,свежий хлеб
замороженные овощи,макароны,минеральна€ вода,молоко,€йца,темный шоколад,творог,блинчики,низкокалорийный йогурт
печенье
креветки,замороженные овощи,маффины
суп
креветки,замороженные овощи,макароны,минеральна€ вода,шоколад,оливковое масло,блинчики,курица,хот-дог,творог,свежий хлеб,зеленый чай
креветки,замороженные овощи,рис,свежий хлеб
макароны,картофель-фри,эскалоп
шоколад,картофель-фри,пирожные
шоколад,гов€жий фарш,перец,макароны,лосось,дезодорант
пирожные
суп,дезодорант
масло
цельнозерновые макароны,гов€жий фарш,томатный соус,макароны,минеральна€ вода,суп,курица,хлопь€,творог,пирожные,зеленый чай
индейка,красное вино,минеральна€ вода,курица,хот-дог
тертый сыр,травы и перец,лосось,овощна€ смесь,ежевика,растительное масло,свежий хлеб
замороженные овощи,гов€жий фарш,минеральна€ вода,€йца,шоколад,свежий хлеб,белое вино
индейка,ветчина,минеральна€ вода,черника,низкокалорийный крем,морковь,эскалоп,свежий хлеб,зеленый чай
сыр,клубника,мед
тертый сыр,гов€жий фарш,перец,шоколад,картофель-фри
креветки,замороженные овощи,гов€жий фарш,макароны,минеральна€ вода,молоко,миндаль,французское вино,сыр,аксессуары,шоколад,низкокалорийный йогурт
эскалоп,шампанское
печенье
креветки,замороженные овощи,авокадо,сем€ льна,растительное масло
макароны,мед
креветки,гов€жий фарш,макароны,минеральна€ вода,оливковое масло,черный чай,лосось,мед,низкокалорийный крем,растительное масло,темный шоколад,пирожные,томатный сок
минеральна€ вода,курица,хот-дог,низкокалорийный майонез
картофель-фри,замороженный смузи,дезодорант,низкокалорийный майонез,зубна€ паста
макароны
помидоры
печенье
замороженные овощи,макароны,минеральна€ вода,суп,фрикадельки,молоко,оливковое масло,курица,€йца,торт
гов€жий фарш,перец,макароны,печенье
макароны,минеральна€ вода,молоко,€йца,низкокалорийный йогурт
гов€жий фарш,макароны,молоко,€йца,низкокалорийный крем
шоколад
минеральна€ вода
гов€жий фарш,минеральна€ вода,черника
замороженные овощи,помидоры,макароны,лосось,маффины,рис,торт,низкокалорийный крем,морковь,зеленый чай,картофель-фри,шампанское,замороженный смузи
шоколад,суп,авокадо,курица,печенье,низкокалорийный майонез,зеленый чай
рис,картофель-фри,дезодорант
макароны,авокадо,низкокалорийный майонез,белое вино,журнал,зубна€ паста
макароны,суп,молоко,сливочное масло,рис,шоколад,низкокалорийный йогурт,зеленый чай
травы и перец
гов€жий фарш
минеральна€ вода,лосось,зеленый чай
травы и перец,макароны
энергетический напиток
хот-дог
гамбургер,свежий тунец,пармезан,макароны,шоколад,шампанское,зеленый чай
замороженные овощи,овощна€ смесь,€йца,эскалоп,низкокалорийный йогурт
печенье
помидоры,пармезан,минеральна€ вода,молоко,сидр,рис,жевательна€ резинка,рис,морковь,эскалоп,низкокалорийный йогурт,м€та
индейка
макароны
гамбургер,травы и перец,креветки,замороженные овощи,гов€жий фарш,макароны,минеральна€ вода,бекон,масло,темный шоколад,морковь,блинчики,низкокалорийный йогурт
индейка,помидоры,перец,сыр,рис,картофель-фри,замороженный смузи,хот-дог,блинчики,детска€ еда,зеленый чай
креветки,минеральна€ вода,черный чай,рис,растительное масло,курица,чили,шоколад
шоколад,тертый сыр,лосось,картофель-фри
низкокалорийный крем,курица,хлопь€,шампанское,пирожные
темный шоколад
солень€,замороженные овощи,помидоры,макароны,минеральна€ вода,обезжиренное молоко,торт,баклажаны,дын€,шампунь,томатный сок,м€та
индейка,€йца,растительное масло,картофель-фри
шоколад,суп,сливочное масло,курица,растительное масло,зеленый чай,хот-дог,пирожные,белое вино
шоколад,макароны,минеральна€ вода,блинчики,масло,растительное масло,курица,зеленый чай,эскалоп,энергетический напиток,низкокалорийный майонез,мед
гамбургер,травы и перец,минеральна€ вода,торт
травы и перец,макароны,растительное масло,картофель-фри
минеральна€ вода,овощна€ смесь,йогурт
гамбургер,макароны
макароны,м€та
перец,черника
гамбургер,гов€жий фарш,перец,томатный соус,макароны,сливочное масло,французское вино,курица,лосось,€йца,шоколад,картофель-фри,эскалоп,грибной соус
индейка,гамбургер,замороженные овощи,масло,кукуруза,морковь,шоколад,шампанское
газированна€ вода,творог,шампунь
индейка,чатни
обезжиренное молоко
цельнозерновые макароны,минеральна€ вода,овощна€ смесь,зеленый виноград,€йца,картофель-фри,зеленый чай
перец,молоко,маффины
травы и перец,гов€жий фарш,томатный соус,батат,оливковое масло,курица,соус дл€ гамбургеров,масло,растительное масло,чили,морковь,ветчина,баклажаны,замороженный смузи,зубна€ паста
гов€жий фарш,минеральна€ вода,жевательна€ резинка,хлопь€,замороженный смузи,печенье,лук-шалот,пирожные,томатный сок,низкокалорийный йогурт,зеленый чай
картофель-фри
минеральна€ вода,черный чай,картофельное пюре
креветки,шоколад,авокадо,белый сыр,мед,морковь,дын€,шампунь
гамбургер,креветки,минеральна€ вода,сливочное масло,сыр,лосось,чай,шоколад,замороженный смузи
сэндвич
картофель-фри
суп,хлопь€,картофель-фри
минеральна€ вода,белый сыр,бекон,растительное масло,соус дл€ барбекю,хлопь€,зеленый чай,шоколад
индейка,тертый сыр,замороженные овощи,гов€жий фарш,макароны,минеральна€ вода,суп,фрикадельки,молоко,зеленый виноград,клубника
блинчики
макароны,белый сыр,чай
зеленый чай
замороженные овощи,макароны,фрикадельки,чатни,курица,замороженный смузи,эскалоп,блинчики,зубна€ паста
травы и перец,молоко,торт,картофель-фри,йогурт
оливковое масло,блинчики,шоколад,картофель-фри
замороженные овощи,помидоры,макароны,фрикадельки,молоко,оливковое масло,сливочное масло,растительное масло,курица,пирожные
сливочное масло,печенье
гов€жий фарш,жевательна€ резинка,энергетический напиток
индейка,гамбургер,шоколад,авокадо,сидр,мед,торт,зеленый чай,пирожные
помидоры,макароны,минеральна€ вода,фрикадельки,молоко,курица,рис,замороженный смузи,шампунь,томатный сок,цветна€ капуста,конфеты
помидоры,черный чай
оливковое масло
печенье
масло
мед,эскалоп
картофель-фри,энергетический напиток
томатный сок
эскалоп
авокадо,молоко,рис,торт,картофель-фри,творог,дезодорант
хлопь€,йогурт,м€та
печенье
индейка,картофель-фри,зеленый чай
гамбургер,макароны,курица,блинчики,картофель-фри
сливочное масло,курица,сидр,€йца
шампанское,йогурт
темный шоколад
шоколад,картофель-фри
ветчина,шоколад,цельнозерновые макароны,молоко,оливковое масло,курица,бекон,рис,творог
шоколад,эскалоп
тертый сыр,помидоры
замороженные овощи,помидоры,картофель-фри,шампанское
креветки,помидоры,гов€жий фарш,макароны,шоколад,сливочное масло,лосось,торт,растительное масло,курица,чили,картофель-фри,эскалоп,творог,протеиновый батончик
€йца,картофель-фри,печенье
ветчина,энергетический напиток
рис,шоколад,энергетический напиток
шоколад
индейка,сливочное масло,масло,шоколад,печенье
тертый сыр,креветки,помидоры,гов€жий фарш,макароны,авокадо,фрикадельки,миндаль,белый сыр,замороженный смузи,блинчики,зеленый чай
молоко,французское вино,€йца,цельнозернова€ мука,картофель-фри,шампанское,йогурт,томатный сок,свежий хлеб
картофель-фри
печенье
торт
креветки,томатный соус,макароны,суп
креветки
гамбургер,блинчики,торт,шоколад,низкокалорийный йогурт
травы и перец,блинчики
красное вино,кетчуп
бекон,мед,картофель-фри
замороженный смузи,клубника
солень€,помидоры,макароны,блинчики,растительное масло,эскалоп,низкокалорийный йогурт
шоколад,макароны,эскалоп,печенье,сэндвич,блинчики,низкокалорийный йогурт,м€та
минеральна€ вода,авокадо,картофель-фри,эскалоп
свежий тунец,гов€жий фарш,макароны,авокадо,рис,рис,растительное масло,шоколад,замороженный смузи,грибной соус
макароны
печенье
аксессуары,журнал
креветки,замороженные овощи,молоко,сливочное масло,блинчики,соус дл€ барбекю,баклажаны
замороженные овощи,авокадо,молоко,блинчики,масло,замороженный смузи
травы и перец,креветки,гов€жий фарш,шоколад,картофель-фри,замороженный смузи,м€та
конфеты
гамбургер,€йца,шампанское,замороженный смузи
минеральна€ вода
ветчина,макароны,мед,низкокалорийный йогурт
минеральна€ вода,€йца,йогурт,низкокалорийный майонез
травы и перец,гов€жий фарш,минеральна€ вода,шоколад,молоко,картофель-фри,низкокалорийный йогурт
свежий тунец,ветчина,цельнозерновые макароны,макароны,минеральна€ вода,шоколад,молоко,белый сыр,сыр,мед,растительное масло,энергетический напиток
гамбургер,ветчина,макароны,лосось,€йца
гамбургер,рис,черника,зеленый чай,соль
свежий тунец,макароны,молоко,блинчики,жевательна€ резинка,низкокалорийный йогурт
тертый сыр,макароны,€йца,баклажаны,блинчики
печенье,энергетический напиток
травы и перец,красное вино,замороженные овощи,помидоры,макароны,минеральна€ вода,фрикадельки,молоко,маффины,€йца,торт,замороженный смузи
молоко,сем€ льна,€годный сок,майонез,зеленый чай
замороженные овощи,минеральна€ вода,растительное масло,курица
макароны,минеральна€ вода,пирожные
лосось,блинчики,торт
растительное масло
ветчина
ветчина,низкокалорийный йогурт
помидоры,печенье,шампанское
свежий тунец,креветки,замороженные овощи,помидоры,томатный соус,макароны,минеральна€ вода,молоко,сидр,рис,аксессуары,замороженный смузи
травы и перец,минеральна€ вода,растительное масло,хот-дог
макароны,шоколад,эскалоп,пирожные
свежий тунец,замороженные овощи,энергетический батончик,французское вино,пирожные,блинчики,йогурт,энергетический напиток
молоко,лосось,свежий хлеб,низкокалорийный йогурт,м€та
макароны,обезжиренное молоко,соус дл€ гамбургеров
минеральна€ вода,блинчики,журнал
гов€жий фарш,сливочное масло,€йца,рис,торт,шоколад
эскалоп
красное вино,помидоры,гов€жий фарш,макароны,минеральна€ вода,суп,блинчики,средство от насекомых,соус дл€ гамбургеров,масло,растительное масло,кукуруза,зеленый чай,эскалоп,низкокалорийный йогурт
гамбургер,батат,минеральна€ вода,рис,шоколад,низкокалорийный йогурт
белое вино
тертый сыр,гов€жий фарш,миндаль,йогурт,энергетический напиток,свежий хлеб,зеленый чай
индейка,шоколад,тертый сыр,креветки,гов€жий фарш,минеральна€ вода,молоко,рис,м€тный зеленый чай,дын€
свежий хлеб
гов€жий фарш,сливочное масло,картофель-фри
шоколад,травы и перец,гов€жий фарш,минеральна€ вода,курица,€годный сок,низкокалорийный йогурт
индейка,€йца
печенье
печенье
гамбургер,свежий тунец,пармезан,макароны,сливочное масло,овощна€ смесь,шпинат,€йца,пирожные,блинчики,низкокалорийный майонез
индейка,гамбургер,тертый сыр,миндаль,торт,растительное масло,низкокалорийный йогурт
шоколад
макароны,минеральна€ вода,молоко,маффины,низкокалорийный крем,растительное масло,темный шоколад
€йца
индейка,тертый сыр,креветки,макароны,блинчики,торт,кетчуп,морковь,картофель-фри,низкокалорийный йогурт
гамбургер,минеральна€ вода,сливочное масло,€йца,курица,печенье,зеленый чай
минеральна€ вода,торт
травы и перец,креветки,помидоры,гов€жий фарш,макароны,торт,низкокалорийный крем,печенье,грибной соус,мед
печенье
индейка,растительное масло,эскалоп
тертый сыр,оливковое масло,маффины,€йца,шоколад,блинчики,соль
замороженные овощи,цельнозерновые макароны,макароны,шоколад,суп,сливочное масло,французское вино,блинчики,€йца
макароны
зеленый чай,картофель-фри
ветчина,макароны,минеральна€ вода,оливковое масло,€йца,растительное масло,картофель-фри,зеленый чай
креветки,черный чай,€йца,торт
креветки,замороженные овощи,гов€жий фарш,макароны,минеральна€ вода,оливковое масло,чатни,лосось,чили,хлопь€,клубника
макароны,хот-дог,белое вино,майонез
травы и перец,гов€жий фарш
белое вино
зеленый чай
замороженные овощи,макароны,оливковое масло,энергетический батончик,французское вино,курица,низкокалорийный крем,цельнозернова€ мука,картофель-фри,творог
красное вино,макароны,кекс,картофель-фри,хот-дог,низкокалорийный йогурт
гамбургер,макароны,авокадо,торт,пирожные,соль
минеральна€ вода,суп,жевательна€ резинка,темный шоколад,картофель-фри
макароны
маффины
индейка,макароны,оливковое масло,зелена€ фасоль,м€тный зеленый чай,шоколад,грибной соус
помидоры,цельнозерновые макароны,макароны,минеральна€ вода,молоко,блинчики,€йца,торт,растительное масло
гов€жий фарш,минеральна€ вода,молоко,оливковое масло,€йца,темный шоколад
гамбургер,ветчина,€йца,печенье,газированна€ вода,пирожные,зеленый чай
морковь,баклажаны,картофель-фри,эскалоп,клубника,зубна€ паста
индейка,гамбургер,батат,сем€ льна
ветчина,овощна€ смесь,черника,эскалоп,творог
цельнозерновые макароны,фрикадельки,молоко,€годный сок,картофель-фри,свежий хлеб
клубника
йогурт
гамбургер
фрикадельки,€йца,творог
печенье
индейка,перец,томатный соус,макароны,молоко,оливковое масло,замороженный смузи
шоколад,эскалоп
тертый сыр,гов€жий фарш,зеленый чай
эскалоп
картофель-фри
молоко,энергетический батончик,замороженный смузи,протеиновый батончик,спаржа
€годный сок
тертый сыр,минеральна€ вода,миндаль
замороженные овощи,цельнозерновые макароны,макароны,минеральна€ вода,молоко,оливковое масло,лосось,зеленый чай,шоколад,картофель-фри,хот-дог,творог,энергетический напиток
гамбургер,минеральна€ вода,молоко,черный чай,курица,замороженный смузи,свежий хлеб,зеленый чай
свежий тунец,макароны,минеральна€ вода,шоколад,молоко,низкокалорийный крем,масло,кукуруза
гамбургер,красное вино,цельнозерновые макароны,сливочное масло,хлопь€,картофель-фри,хот-дог,свежий хлеб
минеральна€ вода,торт
обезжиренное молоко,печенье,пирожные
оливковое масло
тертый сыр,макароны,молоко,мед,эскалоп,свежий хлеб,зеленый чай
сливочное масло,шоколад,йогурт
шампанское
йогурт
гамбургер
овощна€ смесь
йогурт,энергетический напиток
минеральна€ вода,шоколад,суп,молоко,оливковое масло,€йца,мед
минеральна€ вода,молоко,картофель-фри,печенье
помидоры,гов€жий фарш,шоколад,сливочное масло,€йца,зеленый чай,картофель-фри,эскалоп,грибной соус
овощна€ смесь,картофель-фри
индейка,макароны,минеральна€ вода,сидр,курица,картофель-фри,эскалоп,майонез
€йца,рис,баклажаны,эскалоп,грибной соус,пирожные,блинчики
гамбургер,свежий тунец,макароны,минеральна€ вода,суп,курица,белый сыр,шпинат,торт
€годный сок,м€тный зеленый чай,картофель-фри,йогурт
м€тный зеленый чай
макароны,энергетический напиток
томатный соус,шоколад,свежий хлеб
ветчина,авокадо,сливочное масло,рис,энергетический напиток,свежий хлеб,зубна€ паста
помидоры,гов€жий фарш,макароны,авокадо,блинчики,растительное масло,хлопь€,картофель-фри,зубна€ паста
креветки,черный чай,блинчики,торт,масло,темный шоколад,морковь,аксессуары,зеленый чай
индейка,оливковое масло,сем€ льна,€йца,шоколад,картофель-фри,эскалоп,энергетический напиток
печенье
картофель-фри
свежий тунец,шпинат,мед,торт,хлопь€,шоколад,картофель-фри,низкокалорийный майонез,зеленый чай
индейка,креветки,зелена€ фасоль,зеленый чай
картофель-фри,йогурт,низкокалорийный йогурт
минеральна€ вода,сливочное масло,блинчики,низкокалорийный йогурт
минеральна€ вода
шампанское,печенье,зеленый чай
гов€жий фарш,макароны,минеральна€ вода,энергетический напиток,белое вино
макароны,растительное масло
шоколад
эскалоп,блинчики,энергетический напиток
минеральна€ вода,торт,низкокалорийный крем,средство от насекомых,соус дл€ гамбургеров
помидоры,цельнозерновые макароны
детска€ еда
ветчина,индейка,креветки,замороженные овощи,томатный соус,макароны,овощна€ смесь,зеленый чай
шоколад,картофель-фри,белое вино
торт
гамбургер,минеральна€ вода,молоко,миндаль,€йца,зеленый чай,картофель-фри,печенье,энергетический напиток
тертый сыр,помидоры,макароны,шоколад,рис,растительное масло,картофель-фри,пирожные,зеленый чай
батат
макароны,€годный сок
шампанское
минеральна€ вода
макароны
минеральна€ вода,торт,соус дл€ гамбургеров
печенье
конфеты
замороженные овощи,пармезан,перец,макароны,молоко,блинчики,масло,морковь,хот-дог,пирожные,энергетический напиток
блинчики,шампанское
ветчина,гов€жий фарш,минеральна€ вода,молоко,оливковое масло,блинчики,дын€,зеленый чай
ветчина,оливковое масло,зеленый чай,клубника,белое вино
€йца,эскалоп
зеленый чай
печенье
фрикадельки
шоколад
свежий хлеб
гамбургер,помидоры,гов€жий фарш,макароны,торт,хот-дог,белое вино
замороженные овощи,помидоры,макароны,минеральна€ вода,маффины,торт,грибной соус
батончик без глютена
индейка,гов€жий фарш,батат,картофель-фри,томатный сок
журнал
эскалоп
креветки,замороженные овощи,помидоры,молоко,торт,растительное масло,хлопь€,€годный сок,шоколад,блинчики,энергетический напиток,шампунь,свежий хлеб
макароны,энергетический напиток
рис,шоколад,картофель-фри,печенье
маффины
низкокалорийный йогурт
белый сыр,€йца,протеиновый батончик,соль
шоколад,замороженные овощи,помидоры,макароны,минеральна€ вода,оливковое масло,лосось,зеленый чай
замороженные овощи,макароны,€йца,мед,эскалоп,м€та
минеральна€ вода,морковь,шоколад,замороженный смузи,низкокалорийный майонез
креветки,энергетический напиток
эскалоп
гамбургер,макароны,жевательна€ резинка,картофель-фри
помидоры,€йца,шоколад,картофель-фри,йогурт
макароны,шампанское,замороженный смузи,творог,зеленый чай
гамбургер,макароны,сидр,€йца,картофель-фри,хот-дог,творог
замороженные овощи,минеральна€ вода,маффины
торт,курица,зеленый чай,лук-шалот
зеленый чай,свежий хлеб
свежий тунец,ветчина,минеральна€ вода,авокадо,фрикадельки,оливковое масло,миндаль,€йца,картофель-фри,замороженный смузи
макароны
гамбургер,тертый сыр,замороженные овощи,макароны,молоко,эскалоп,грибной соус,белое вино
индейка,гамбургер,свежий тунец,французское вино,белый сыр
шоколад,печенье
печенье
макароны
шоколад
цельнозерновые макароны,гов€жий фарш,батат,оливковое масло,сливочное масло,м€тный зеленый чай
авокадо,замороженный смузи,энергетический напиток
помидоры,цельнозернова€ мука
тертый сыр,батат,минеральна€ вода,мед,макароны,батончик без глютена
шоколад,шампанское,макароны,клубника,мед
замороженные овощи,макароны,оливковое масло,мед
помидоры,мед,зеленый чай,картофель-фри,замороженный смузи,эскалоп,сэндвич
замороженные овощи,сливочное масло,торт,блинчики,свежий хлеб,зеленый чай
эскалоп,макароны
зубна€ паста
сидр,картофель-фри
тертый сыр,замороженные овощи,томатный соус,минеральна€ вода,маффины,батончик без глютена,низкокалорийный майонез,салфетки,шампунь
печенье,шампанское
тертый сыр,шоколад,картофельное пюре,шампанское,цукини
энергетический батончик,лосось,зеленый чай,картофель-фри,замороженный смузи,журнал
гамбургер,травы и перец,замороженные овощи,перец,лосось,блинчики,мед,жевательна€ резинка,курица,темный шоколад,баклажаны,зеленый чай,дын€
замороженные овощи,молоко,оливковое масло
сливочное масло
картофель-фри,хот-дог,энергетический напиток,низкокалорийный майонез
шампанское,энергетический напиток
шампанское
картофель-фри,замороженный смузи
растительное масло,шампанское
макароны,зеленый чай,шоколад,хот-дог
гамбургер,тертый сыр,макароны,€йца,морковь,энергетический напиток,зеленый чай
торт,блинчики,зубна€ паста
белый сыр,кетчуп,дын€
€йца,м€та
шоколад,оливковое масло,маффины,шпинат,картофель-фри,низкокалорийный майонез,зеленый чай
цельнозерновые макароны,картофель-фри,творог,йогурт
минеральна€ вода,молоко
помидоры,цельнозерновые макароны,минеральна€ вода,молоко,французское вино,лосось,газированна€ вода
картофель-фри
картофель-фри,замороженный смузи,пирожные
молоко,маффины,картофель-фри,творог,низкокалорийный майонез
перец
макароны
перец
травы и перец,эскалоп,дезодорант
€йца,морковь,зеленый чай,шоколад,грибной соус
индейка,замороженные овощи,блинчики,€йца,картофель-фри,замороженный смузи
гамбургер,красное вино,€йца,картофель-фри
минеральна€ вода,шоколад
тертый сыр,минеральна€ вода,авокадо,лосось,шоколад,спаржа
минеральна€ вода
шоколад,замороженный смузи
зеленый чай
креветки,торт
ветчина,гов€жий фарш,минеральна€ вода
гамбургер,замороженные овощи,цельнозерновые макароны,минеральна€ вода,шоколад,€йца,черника,соус дл€ гамбургеров,курица,овс€на€ каша,зубна€ паста
цельнозерновые макароны,€йца,торт,картофель-фри,зеленый чай
печенье,зеленый чай
минеральна€ вода,авокадо,молоко,оливковое масло,сыр,цветна€ капуста
€йца,масло
красное вино,печенье
креветки,макароны,шоколад,€йца
эскалоп
травы и перец,макароны,баклажаны
молоко,рис,растительное масло,свежий хлеб
ветчина,минеральна€ вода,сыр,блинчики
торт
макароны,€йца,грибной соус
ежевика
пирожные,йогурт
замороженные овощи,макароны
минеральна€ вода,оливковое масло,замороженный смузи,печенье,хот-дог,пирожные
эскалоп,зеленый чай
картофель-фри,печенье
ветчина,€йца,картофель-фри
помидоры
€йца
индейка,минеральна€ вода,лосось,обезжиренное молоко,журнал,майонез,цукини,зеленый чай
картофель-фри,йогурт
помидоры,минеральна€ вода,шоколад,курица,блинчики,зеленый чай
€йца,рис
перец,бекон,€йца,соус дл€ барбекю,замороженный смузи
минеральна€ вода,замороженный смузи
торт,йогурт
свежий тунец,шоколад,креветки,замороженные овощи,молоко,оливковое масло,блинчики
гов€жий фарш,минеральна€ вода,картофель-фри,протеиновый батончик,протеиновый батончик,соль,конфеты
конфеты,мед
эскалоп,блинчики
авокадо,овощна€ смесь,зеленый виноград,мед,рис,картофель-фри,блинчики
энергетический батончик,творог
шоколад,тертый сыр,лосось,овощна€ смесь,€йца,картофель-фри,творог
минеральна€ вода,курица,рис,шампанское,зеленый чай
французское вино
тертый сыр,макароны,фрикадельки,молоко,рис,картофель-фри,пирожные,конфеты
картофель-фри
молоко
креветки,минеральна€ вода,молоко,миндаль,рис,растительное масло,аксессуары,зеленый чай
картофель-фри,эскалоп,макароны,грибной соус
индейка,цельнозерновые макароны,оливковое масло,блинчики,€йца
маффины
рис
курица,пирожные,спаржа,цветна€ капуста,зеленый чай
макароны,низкокалорийный йогурт
низкокалорийный йогурт,конфеты
молоко,оливковое масло,лосось,средство от насекомых,рис,темный шоколад,картофель-фри,шампанское,замороженный смузи
гов€жий фарш
замороженный смузи,дезодорант
красное вино,минеральна€ вода,молоко,черный чай,шпинат,рис,зелена€ фасоль,замороженный смузи,газированна€ вода
красное вино,минеральна€ вода,бекон,торт,корм дл€ животных
гамбургер,замороженные овощи,минеральна€ вода,€йца,картофель-фри
торт
гов€жий фарш
картофель-фри
сливочное масло,лук-шалот,энергетический напиток,томатный сок
креветки,замороженные овощи,томатный соус,макароны,минеральна€ вода,оливковое масло,шоколад
гамбургер,минеральна€ вода,сем€ льна,баклажаны,картофель-фри,белое вино
сем€ льна,картофель-фри
овощна€ смесь,картофель-фри
авокадо
травы и перец,цельнозерновые макароны,авокадо,шоколад,томатный сок
помидоры,рис,шампанское,клубника
картофель-фри
печенье,зеленый чай
бекон,рис,печенье
гамбургер,фрикадельки,€годный сок,зеленый чай
помидоры,молоко,лосось,блинчики,мед,творог
минеральна€ вода,курица
замороженные овощи,овощна€ смесь,обезжиренное молоко,хот-дог,творог,блинчики,йогурт
помидоры,замороженный смузи
свежий тунец,гов€жий фарш,минеральна€ вода,суп,молоко,овощна€ смесь,блинчики,мед,черника,низкокалорийный крем,рис,курица,ветчина,клубника
помидоры,минеральна€ вода,оливковое масло
хлопь€,протеиновый батончик
гамбургер,замороженные овощи,макароны,суп
замороженные овощи,гов€жий фарш,минеральна€ вода,молоко,€йца,пирожные,свежий хлеб,низкокалорийный йогурт
минеральна€ вода
печенье,низкокалорийный йогурт
гамбургер,растительное масло,низкокалорийный йогурт
энергетический батончик
гамбургер,индейка,красное вино,пармезан,макароны,минеральна€ вода,суп,авокадо,молоко,черный чай,лосось,зеленый чай,творог,батончик без глютена
картофель-фри,блинчики
травы и перец,креветки,замороженные овощи,гов€жий фарш,макароны,морковь
оливковое масло,аксессуары,картофель-фри,замороженный смузи,зеленый чай
гов€жий фарш,зеленый чай
красное вино,батат,минеральна€ вода,суп,молоко,торт
ветчина,травы и перец,креветки,помидоры,печенье,клубника,зеленый чай
гамбургер,помидоры,минеральна€ вода,шоколад,молоко,соль
гамбургер,красное вино,блинчики,протеиновый батончик
молоко,рис
мед,блинчики,зеленый чай
гамбургер,шампанское
шампанское
помидоры,макароны,лосось,зелена€ фасоль
картофель-фри
картофель-фри
суп,ветчина
замороженные овощи,минеральна€ вода
суп,сливочное масло,сидр,рис,корм дл€ животных,картофель-фри,зеленый чай
рис,растительное масло
блинчики,белое вино
картофель-фри,йогурт
шоколад,низкокалорийный майонез
тертый сыр,макароны,минеральна€ вода,блинчики
гамбургер,черный чай,бекон,маффины
зеленый чай
шоколад,замороженный смузи,печенье
креветки,минеральна€ вода,пирожные
гов€жий фарш,оливковое масло,лосось,блинчики,€йца
гов€жий фарш
€йца,шоколад,зеленый чай
молоко
аксессуары,печенье
макароны,мед,низкокалорийный йогурт
красное вино,авокадо,миндаль,морковь,салфетки
цельнозерновые макароны,фрикадельки,молоко,торт
гамбургер,минеральна€ вода,торт,хот-дог,цветна€ капуста
шоколад
блинчики
гов€жий фарш,минеральна€ вода
минеральна€ вода,лосось,зеленый чай
креветки,гов€жий фарш,минеральна€ вода,зеленый чай
замороженные овощи,пармезан,минеральна€ вода,торт,аксессуары,картофель-фри,пирожные,энергетический напиток,спаржа,зеленый чай
шоколад,замороженные овощи,рис,морковь,картофель-фри,печенье
низкокалорийный йогурт
макароны,минеральна€ вода,оливковое масло,овс€на€ каша,картофель-фри,зеленый чай
шоколад,рис,эскалоп,шампанское,зеленый чай
жевательна€ резинка
эскалоп,макароны,грибной соус,зеленый чай
дын€
тертый сыр,помидоры,перец,макароны,минеральна€ вода,авокадо,молоко
минеральна€ вода,суп,молоко,батончик без глютена,низкокалорийный майонез,низкокалорийный йогурт
хот-дог
гов€жий фарш,томатный соус,макароны,минеральна€ вода,€йца,черника,картофель-фри,зеленый чай
индейка,€йца,мед
макароны,минеральна€ вода,шпинат
блинчики,низкокалорийный майонез
гамбургер,молоко
солень€,дын€
минеральна€ вода,торт
зеленый чай
минеральна€ вода,газированна€ вода,хот-дог
картофель-фри,печенье
€йца
дын€
помидоры,маффины,эскалоп
сливочное масло,шоколад
печенье
замороженные овощи,маффины,зеленый виноград,низкокалорийный майонез
макароны,сливочное масло,кекс,замороженный смузи,зеленый чай
цельнозерновые макароны
шоколад,печенье,томатный сок
пирожные
картофель-фри
картофель-фри
гамбургер,пармезан,миндаль,курица,маффины,хот-дог,пирожные,клубника,свежий хлеб
торт,печенье
овощна€ смесь,маффины
замороженные овощи,гов€жий фарш,минеральна€ вода,лосось,блинчики,рис,жевательна€ резинка,печенье
хот-дог
замороженные овощи,помидоры,сливочное масло,курица,хлопь€,зеленый чай,творог,блинчики,томатный сок
тертый сыр
гамбургер,замороженные овощи,помидоры,гов€жий фарш,оливковое масло,торт,хлопь€,€годный сок,эскалоп
блинчики
минеральна€ вода,шоколад,оливковое масло,миндаль,курица,кукуруза,энергетический напиток
макароны,шоколад,суп,лосось,рис,томатный сок
эскалоп
индейка,гамбургер,белый сыр,€йца,макароны
гамбургер,шампанское,зеленый чай
шоколад
гамбургер,энергетический батончик,картофель-фри
тертый сыр,минеральна€ вода,торт,зеленый чай
индейка,авокадо
корм дл€ животных,зелена€ фасоль,хот-дог
свежий тунец,замороженные овощи,помидоры,гов€жий фарш,блинчики,свежий хлеб,низкокалорийный йогурт
эскалоп
лосось,растительное масло,спаржа
шоколад,масло,растительное масло,блинчики,низкокалорийный майонез
цельнозерновые макароны,макароны,молоко,торт,зеленый чай
индейка,макароны,лосось,пирожные,дезодорант
замороженные овощи,молоко,сем€ льна,рис,картофель-фри,эскалоп
травы и перец,помидоры,гов€жий фарш,минеральна€ вода,молоко,низкокалорийный крем,аксессуары,печенье
индейка,€йца,торт,соус дл€ гамбургеров,соус дл€ барбекю,йогурт
мед
креветки,минеральна€ вода,жевательна€ резинка
минеральна€ вода,€йца,томатный сок,свежий хлеб,майонез
овощна€ смесь
индейка,гамбургер,шоколад,низкокалорийный крем,курица,картофель-фри,блинчики
травы и перец
гамбургер,курица,бекон,€йца,растительное масло,картофель-фри
€годный сок
свежий хлеб
индейка,гамбургер,креветки,гов€жий фарш,макароны,молоко,черный чай,сидр,€йца,шоколад
картофель-фри,эскалоп
креветки,молоко,замороженный смузи,свежий хлеб
макароны,лосось,блинчики,€йца,зелена€ фасоль,картофель-фри,томатный сок,цукини,зеленый чай
гамбургер,молоко,шампанское,грибной соус,зеленый чай
травы и перец,суп,курица,картофель-фри,конфеты
макароны
€йца,хот-дог
макароны,лосось,обезжиренное молоко,€йца,морковь
макароны,минеральна€ вода,фрикадельки,сыр
гов€жий фарш,макароны,минеральна€ вода,€йца,торт,шоколад,картофель-фри,пирожные,дезодорант
хлопь€,шоколад,картофель-фри,шампанское,хот-дог,свежий хлеб,цветна€ капуста
минеральна€ вода
масло,замороженный смузи,белое вино
индейка,€йца
замороженные овощи,молоко,зеленый чай,низкокалорийный йогурт
картофель-фри,батончик без глютена
зеленый чай
минеральна€ вода
гамбургер,помидоры,минеральна€ вода,молоко,миндаль,курица,торт,картофель-фри,зеленый чай
гамбургер,замороженные овощи,минеральна€ вода,эскалоп
гамбургер,гов€жий фарш,€йца,картофель-фри
минеральна€ вода
гамбургер,черный чай,€йца,рис
протеиновый батончик
торт,печенье,творог,зубна€ паста
печенье
печенье
эскалоп
€йца
шоколад,картофель-фри,хот-дог
шоколад
€йца
ветчина,тертый сыр,гов€жий фарш,макароны,молоко,курица,€йца,мед,соус дл€ гамбургеров,картофель-фри,дезодорант,свежий хлеб
молоко
€йца,картофель-фри
картофель-фри,печенье
€йца
овощна€ смесь,€йца,рис
макароны,€йца,шоколад
белое вино
€йца,рис
€йца,мед
индейка,шоколад,маффины,€йца
молоко,сливочное масло,€йца,рис
креветки,помидоры,минеральна€ вода,сем€ льна,курица,блинчики,замороженный смузи
гамбургер,гов€жий фарш,макароны,рис,творог
индейка,креветки,замороженные овощи,помидоры,пармезан,гов€жий фарш,макароны,минеральна€ вода,молоко,овощна€ смесь,обезжиренное молоко,зеленый виноград,рис
десертное вино,рис,шоколад,печенье
обезжиренное молоко,€йца,торт
томатный соус,макароны,оливковое масло,грибной соус,зеленый чай
пармезан,гов€жий фарш,макароны,оливковое масло,хлопь€,клубника,свежий хлеб,белое вино,цветна€ капуста
гамбургер,миндаль,морковь
индейка,черный чай,€йца
индейка,€йца,клубника
блинчики
индейка,красное вино,рис,средство от насекомых,рис,зелена€ фасоль
минеральна€ вода,оливковое масло,торт,шоколад
гамбургер
замороженные овощи,пармезан,макароны,минеральна€ вода,рис,торт,замороженный смузи,творог,м€та
томатный соус,макароны
свежий тунец,креветки,фрикадельки,молоко,курица,€йца,аксессуары,салат,свежий хлеб,м€та
индейка,€йца
шоколад,замороженные овощи,помидоры,макароны,молоко,торт,эскалоп,грибной соус
замороженные овощи,помидоры,минеральна€ вода,€йца,торт,замороженный смузи,хот-дог,протеиновый батончик
креветки,минеральна€ вода,шоколад,суп,молоко,черный чай
замороженные овощи,минеральна€ вода,молоко,энергетический батончик,рис,низкокалорийный йогурт
травы и перец,креветки,замороженные овощи,гов€жий фарш,маффины,черника,картофель-фри,печенье,грибной соус
макароны,обезжиренное молоко,низкокалорийный йогурт
эскалоп,макароны,грибной соус
шоколад,шампанское
низкокалорийный йогурт
шоколад,шампанское
суп,авокадо,молоко,мед,творог,зеленый чай
креветки,замороженные овощи,макароны,средство от насекомых,шампанское,замороженный смузи,свежий хлеб
тертый сыр,сливочное масло,шоколад,картофель-фри
майонез
замороженные овощи,минеральна€ вода,маффины,грибной соус,блинчики,зеленый чай
низкокалорийный йогурт
помидоры,перец,макароны,€йца,корм дл€ животных,чай,шоколад,хот-дог
гов€жий фарш,€йца,торт
минеральна€ вода
помидоры,€йца,€годный сок,картофель-фри,пирожные,батончик без глютена,свежий хлеб
картофель-фри
шампанское,замороженный смузи
энергетический батончик,творог
маффины,масло,эскалоп
макароны,минеральна€ вода,суп,авокадо,молоко,курица,хлопь€
шоколад,гов€жий фарш,молоко
пармезан,цельнозерновые макароны,макароны,суп,миндаль,торт,шампанское,хот-дог,протеиновый батончик,томатный сок,свежий хлеб
конфеты
замороженные овощи,гов€жий фарш,макароны,зеленый виноград,растительное масло
зеленый чай,эскалоп
йогурт
энергетический напиток
молоко,хот-дог,свежий хлеб
шоколад,травы и перец,молоко,€йца,низкокалорийный йогурт
минеральна€ вода,обезжиренное молоко,торт
гамбургер,замороженные овощи,жевательна€ резинка,картофель-фри,хот-дог,зеленый чай,мед
фрикадельки
гамбургер,замороженные овощи,минеральна€ вода,фрикадельки,молоко,мед,ветчина,картофель-фри,замороженный смузи,зеленый чай
сливочное масло,€йца,газированна€ вода,блинчики
зеленый чай
рис
картофель-фри
помидоры,минеральна€ вода,картофель-фри
печенье,низкокалорийный йогурт
красное вино,замороженные овощи,гов€жий фарш,минеральна€ вода,овощна€ смесь,€йца,рис,пирожные
минеральна€ вода
тертый сыр,гов€жий фарш,оливковое масло,блинчики,грибной соус,хот-дог
ветчина,красное вино,минеральна€ вода,сливочное масло,французское вино,торт,курица,морковь,творог
красное вино,замороженные овощи,помидоры,гов€жий фарш,корм дл€ животных,картофель-фри,пирожные,низкокалорийный йогурт,зеленый чай
замороженные овощи
минеральна€ вода,шоколад,молоко,€йца
молоко
маффины,низкокалорийный йогурт
креветки,зеленый виноград,блинчики,€йца,торт
€годный сок,шоколад
оливковое масло,€йца,торт,картофель-фри,хот-дог,клубника,спаржа,салат,зеленый чай
гамбургер,макароны,молоко,оливковое масло,курица,картофель-фри,томатный сок,журнал
€йца,мед
картофель-фри
макароны,минеральна€ вода,обезжиренное молоко,мед,морковь,творог
гов€жий фарш,рис,темный шоколад,свежий хлеб,конфеты
гов€жий фарш,суп,бекон,блинчики,растительное масло,соус дл€ барбекю,зеленый чай
молоко
макароны,энергетический батончик,сидр,блинчики,€йца,торт
молоко,энергетический батончик
десертное вино,минеральна€ вода,соус дл€ барбекю,зеленый чай
замороженные овощи,гов€жий фарш,макароны,шоколад,картофель-фри,эскалоп,блинчики,томатный сок
замороженные овощи,€йца,соус дл€ барбекю
красное вино
растительное масло,замороженный смузи
эскалоп,макароны,грибной соус
эскалоп
минеральна€ вода,€йца,зеленый чай,замороженный смузи
€йца
шоколад,бекон,м€тный зеленый чай
красное вино,замороженные овощи,французское вино,шампанское,зеленый чай
клубника
гамбургер,ветчина,креветки,молоко,маффины,€йца,рис,морковь,овс€на€ каша,макароны,низкокалорийный йогурт
пармезан,хот-дог,энергетический напиток,низкокалорийный майонез
печенье
печенье
макароны,цельнозернова€ мука
свежий тунец,суп,авокадо,энергетический батончик,сливочное масло,курица,рис,соус дл€ барбекю,цельнозернова€ мука
гамбургер,хот-дог,дын€
травы и перец,макароны,фрикадельки,чили,сэндвич
йогурт
шоколад
жевательна€ резинка,шоколад
зеленый чай,цукини
помидоры,гов€жий фарш,сливочное масло,зеленый виноград,блинчики,растительное масло,морковь
€йца,торт,свежий хлеб,низкокалорийный йогурт
гов€жий фарш
тертый сыр,минеральна€ вода,авокадо
макароны,мед,торт,зеленый чай
шампанское
печенье
креветки,перец,французское вино,сыр,лосось,зеленый виноград,блинчики,€йца
пирожные
гов€жий фарш,минеральна€ вода
молоко
цельнозерновые макароны
гамбургер,гов€жий фарш,минеральна€ вода,замороженный смузи,газированна€ вода,низкокалорийный майонез
креветки,макароны,лосось,курица
сливочное масло,рис
солень€
хлопь€,печенье
печенье
печенье
замороженный смузи
тертый сыр,замороженные овощи,гов€жий фарш,растительное масло,картофель-фри,эскалоп,пирожные
индейка,мед,растительное масло
гамбургер,шоколад,креветки
тертый сыр,креветки,замороженные овощи,минеральна€ вода,лосось,блинчики,мед,зелена€ фасоль,грибной соус,батончик без глютена,свежий хлеб
макароны
овощна€ смесь,спаржа
травы и перец,макароны
индейка,макароны,грибной соус,зеленый чай
индейка,замороженные овощи,перец,авокадо,маффины,белое вино,зубна€ паста
авокадо,йогурт
гов€жий фарш,макароны
гамбургер,креветки,замороженные овощи,помидоры,молоко,торт,шоколад,творог
шоколад
макароны
минеральна€ вода,черный чай,€йца,рис
индейка,€йца,картофель-фри,замороженный смузи,зеленый чай
шоколад,шампанское
помидоры,€йца,дын€,м€та,зеленый чай
€йца
замороженные овощи,помидоры
макароны,молоко,блинчики
ветчина,€йца,торт
эскалоп,макароны
€годный сок,картофель-фри,эскалоп,низкокалорийный майонез
€йца,замороженный смузи,эскалоп,печенье,блинчики
гов€жий фарш,макароны,зелена€ фасоль,зеленый чай
свежий тунец,минеральна€ вода,молоко,картофель-фри,грибной соус
€йца,зеленый чай
€йца,зеленый чай,шоколад
сливочное масло,темный шоколад
индейка,минеральна€ вода,€йца,зеленый чай,хот-дог,цветна€ капуста
минеральна€ вода,блинчики,картофель-фри,печенье,лук-шалот,зеленый чай
минеральна€ вода,фрикадельки,энергетический напиток
креветки,гов€жий фарш,перец,макароны
макароны
газированна€ вода,энергетический напиток,низкокалорийный майонез
печенье
эскалоп,свежий хлеб
макароны
макароны,оливковое масло,курица,€йца,зеленый чай
минеральна€ вода,авокадо,масло
молоко
шоколад,молоко,€йца,картофель-фри
€йца,картофель-фри,замороженный смузи
помидоры,перец,минеральна€ вода,молоко,лосось,обезжиренное молоко,€йца,жевательна€ резинка,растительное масло,эскалоп
тертый сыр,креветки,замороженные овощи,сидр,шоколад
индейка,тертый сыр,молоко,черный чай,курица,шоколад,картофель-фри,замороженный смузи,зеленый чай
гамбургер,картофель-фри,эскалоп
креветки,авокадо,низкокалорийный йогурт
рис,аксессуары,печенье
картофель-фри
печенье
шоколад
тертый сыр,травы и перец
овощна€ смесь,картофель-фри
шоколад,гов€жий фарш,минеральна€ вода,€йца,рис
€йца,грибной соус,конфеты
тертый сыр,креветки,гов€жий фарш,минеральна€ вода,шоколад,соль
гамбургер,рис,растительное масло,эскалоп
€йца
картофель-фри
гов€жий фарш,макароны,минеральна€ вода
энергетический батончик
индейка,замороженные овощи,макароны,минеральна€ вода,€йца,€годный сок,картофель-фри,замороженный смузи
сливочное масло,эскалоп,лук-шалот,белое вино
минеральна€ вода,суп,молоко,растительное масло
минеральна€ вода,блинчики,низкокалорийный йогурт
гамбургер,молоко,€йца,шоколад,картофель-фри
печенье
гамбургер,травы и перец,замороженные овощи,помидоры,цельнозерновые макароны,гов€жий фарш,макароны,минеральна€ вода,соус дл€ барбекю,зубна€ паста
травы и перец,макароны,€йца,эскалоп
темный шоколад,зеленый чай,конфеты
печенье
молоко,замороженный смузи,белое вино
гамбургер,картофель-фри,печенье,клубника
гов€жий фарш,перец,минеральна€ вода,шоколад
печенье
печенье
замороженные овощи,курица,бекон,€йца,мед,темный шоколад,баклажаны,творог
замороженные овощи,макароны,минеральна€ вода,суп,молоко,лосось,зеленый виноград,€йца,картофель-фри,лук-шалот,пирожные,низкокалорийный майонез,дын€,зубна€ паста
креветки,замороженные овощи,помидоры,минеральна€ вода,фрикадельки
шоколад,красное вино,креветки,макароны,зеленый чай
авокадо,молоко,сливочное масло,курица,лосось,€йца,шоколад,свежий хлеб
макароны,молоко
макароны,оливковое масло
перец,хлопь€,€годный сок,газированна€ вода,шампунь
лосось,растительное масло,морковь
шоколад,красное вино,помидоры,макароны,сливочное масло,миндаль,сыр,аксессуары,зеленый чай,протеиновый батончик,м€та
шоколад,помидоры,минеральна€ вода,оливковое масло,растительное масло,низкокалорийный йогурт,цукини
перец,печенье,зеленый чай
ветчина,шоколад,тертый сыр,гов€жий фарш,минеральна€ вода,€йца,протеиновый батончик
креветки,помидоры,минеральна€ вода,миндаль,хот-дог
молоко,мед
белое вино
тертый сыр,помидоры,суп,черника,растительное масло,чили,зеленый чай,свежий хлеб,низкокалорийный йогурт
фрикадельки,сливочное масло,курица,сидр,рис,зеленый чай
зеленый чай,м€та
шоколад,замороженные овощи,обезжиренное молоко,блинчики,черника,дын€,соль
помидоры,гов€жий фарш,макароны,минеральна€ вода
картофель-фри
молоко,€йца
цельнозерновые макароны,гов€жий фарш,молоко,оливковое масло,шампанское,цветна€ капуста
красное вино,замороженные овощи,молоко,лосось,блинчики,€йца,ветчина,хлопь€,картофель-фри,шампанское
печенье
индейка,замороженные овощи,гов€жий фарш,макароны,суп,оливковое масло,лук-шалот
энергетический батончик,картофель-фри
эскалоп
торт,картофель-фри
помидоры,макароны,минеральна€ вода
минеральна€ вода,оливковое масло,€йца,м€та
красное вино,гов€жий фарш,минеральна€ вода,€йца,творог,пирожные
блинчики
макароны,минеральна€ вода,молоко,шоколад
масло,шоколад,творог
травы и перец,креветки,замороженные овощи,минеральна€ вода,молоко,растительное масло,соус дл€ барбекю,зелена€ фасоль,свежий хлеб
шоколад
гамбургер,гов€жий фарш,суп,молоко,оливковое масло,миндаль,белый сыр,блинчики,масло,корм дл€ животных,картофель-фри,грибной соус,низкокалорийный майонез,низкокалорийный йогурт
гамбургер,сливочное масло,низкокалорийный крем,цукини
тертый сыр,шоколад,суп,лосось,растительное масло,курица,клубника,свежий хлеб,низкокалорийный йогурт
индейка,ветчина
оливковое масло
печенье,грибной соус
тертый сыр,гов€жий фарш,макароны,бекон,блинчики,€йца,соус дл€ барбекю,замороженный смузи,клубника,белое вино
минеральна€ вода,€йца,жевательна€ резинка
макароны,минеральна€ вода,шоколад,мед,зелена€ фасоль,картофель-фри,дезодорант,блинчики
минеральна€ вода,€йца,зеленый чай
креветки,гов€жий фарш,перец,макароны,блинчики,мед,дезодорант
макароны,минеральна€ вода,€йца,рис,картофель-фри,томатный сок,низкокалорийный йогурт
макароны,минеральна€ вода,суп,лосось,зеленый виноград,шампанское,картофельное пюре,творог,низкокалорийный йогурт
травы и перец,гов€жий фарш,томатный соус,макароны,минеральна€ вода,шоколад,суп,оливковое масло,€йца,торт,растительное масло
гамбургер,лосось,овощна€ смесь,морковь,зеленый чай
помидоры,рис,масло,зеленый чай
травы и перец,гов€жий фарш,лосось,шпинат,мед,протеиновый батончик
шоколад,красное вино,томатный соус,сливочное масло,курица,лосось,картофель-фри,соль,м€та
печенье
гамбургер,помидоры,молоко,мед,картофель-фри
минеральна€ вода,€йца,эскалоп
зеленый чай
минеральна€ вода,шоколад
травы и перец,гов€жий фарш,макароны,зеленый виноград,торт,соус дл€ гамбургеров,растительное масло,курица,хлопь€,зеленый чай,эскалоп,журнал,зубна€ паста,м€та
шоколад
макароны,кукуруза,зеленый чай
травы и перец,креветки,замороженные овощи,макароны,сем€ льна,белый сыр,шоколад,картофель-фри,журнал
минеральна€ вода
замороженные овощи,гов€жий фарш,миндаль,белый сыр,растительное масло,шоколад,картофель-фри,шампанское
низкокалорийный майонез
гамбургер,черный чай,€йца,шоколад,йогурт
фрикадельки,блинчики,€йца,картофель-фри,йогурт
гамбургер,минеральна€ вода,зеленый виноград,соус дл€ барбекю,овс€на€ каша,шоколад,томатный сок
€йца,картофель-фри,замороженный смузи,эскалоп,творог
минеральна€ вода,€йца,кукуруза,шоколад,мед
креветки,низкокалорийный майонез
растительное масло
гамбургер,низкокалорийный йогурт
шоколад,макароны,минеральна€ вода,суп,блинчики,€йца,протеиновый батончик
зеленый чай
замороженные овощи,€йца,дын€,низкокалорийный йогурт,зеленый чай
макароны,минеральна€ вода,блинчики,растительное масло,шоколад,замороженный смузи,эскалоп
шоколад,чили
гов€жий фарш,шоколад,растительное масло
конфеты
гамбургер,индейка,креветки,макароны,минеральна€ вода,шоколад,суп,оливковое масло,маффины,€йца,торт,картофель-фри,низкокалорийный йогурт
индейка
креветки,молоко,сливочное масло,блинчики,€йца
торт
тертый сыр,минеральна€ вода,суп,оливковое масло
конфеты
конфеты
индейка,€йца
помидоры
травы и перец,помидоры,перец,минеральна€ вода,растительное масло,картофель-фри,замороженный смузи,свежий хлеб
минеральна€ вода,низкокалорийный крем,растительное масло,курица
гов€жий фарш,минеральна€ вода,оливковое масло,овощна€ смесь,низкокалорийный крем,масло,пирожные,дын€,свежий хлеб,майонез,конфеты,зеленый чай
эскалоп
минеральна€ вода,овощна€ смесь,картофель-фри,свежий хлеб,цветна€ капуста
макароны,клубника
минеральна€ вода,чатни
солень€,травы и перец,креветки,помидоры,гов€жий фарш,минеральна€ вода,жевательна€ резинка,ежевика,рис,картофель-фри,замороженный смузи,низкокалорийный майонез,м€та,зеленый чай
эскалоп
энергетический батончик,лосось,картофель-фри,замороженный смузи,газированна€ вода,низкокалорийный йогурт
макароны
печенье
печенье
€йца
травы и перец
креветки,помидоры,шоколад,€йца,масло,картофель-фри,эскалоп,грибной соус,сэндвич
€йца,темный шоколад,картофель-фри
йогурт
индейка,картофель-фри
минеральна€ вода,пирожные,свежий хлеб
помидоры,клубника
замороженные овощи,зеленый чай
десертное вино,креветки,макароны,суп,жевательна€ резинка
креветки,замороженные овощи,гов€жий фарш,макароны,молоко,оливковое масло,лосось,маффины,€йца,средство от насекомых,курица,картофель-фри,свежий хлеб,низкокалорийный йогурт
индейка,помидоры,перец,минеральна€ вода,суп,молоко,торт,корм дл€ животных
черный чай,картофель-фри,шампанское
свежий тунец,гов€жий фарш,перец,макароны,минеральна€ вода,оливковое масло,черный чай,миндаль,французское вино,курица,сыр,блинчики,средство от насекомых,баклажаны,свежий хлеб
минеральна€ вода,шампанское
макароны,€йца,рис,мед
гамбургер,энергетический батончик,€йца,шампанское,пирожные,зеленый чай
молоко,€йца,м€тный зеленый чай,картофель-фри,печенье,пирожные
овощна€ смесь
тертый сыр,макароны,м€та
€йца,клубника
растительное масло,картофель-фри
гов€жий фарш,макароны,молоко,сливочное масло,курица,зеленый чай,картофель-фри,шампанское,печенье,белое вино,низкокалорийный йогурт
помидоры
травы и перец,помидоры,минеральна€ вода,шоколад,суп,растительное масло,хлопь€,зеленый чай,пирожные
помидоры,минеральна€ вода,шоколад,оливковое масло,энергетический батончик,низкокалорийный йогурт,цукини
шоколад,креветки,гов€жий фарш,макароны,рис,торт,хот-дог,свежий хлеб
минеральна€ вода,шоколад,низкокалорийный йогурт
шоколад,лук-шалот
гамбургер,креветки,замороженные овощи,макароны,минеральна€ вода,шоколад,оливковое масло,французское вино,блинчики,белое вино
макароны,минеральна€ вода,эскалоп,низкокалорийный йогурт
замороженные овощи,молоко,сливочное масло,курица,белый сыр,€йца,торт,растительное масло,пирожные,томатный сок
гамбургер,печенье,зеленый чай
красное вино,соус дл€ барбекю,чили,корм дл€ животных,цельнозернова€ мука,картофель-фри,низкокалорийный йогурт
минеральна€ вода,молоко,шоколад,печенье
креветки,помидоры,гов€жий фарш,молоко,растительное масло,белое вино
минеральна€ вода,молоко,оливковое масло,энергетический батончик,рис
индейка
мед,творог,зеленый чай
миндаль,французское вино
индейка,креветки,перец,макароны,суп,оливковое масло,зеленый виноград,блинчики,мед,соус дл€ гамбургеров,темный шоколад
молоко,газированна€ вода,спаржа,низкокалорийный йогурт
гов€жий фарш,макароны,минеральна€ вода,французское вино,€йца,темный шоколад
€йца
травы и перец,красное вино,минеральна€ вода,суп,молоко,курица,кукуруза,морковь,цельнозернова€ мука,хлопь€,картофель-фри,блинчики,спаржа
€йца
€йца,эскалоп
гамбургер,минеральна€ вода,€йца
фрикадельки,торт
тертый сыр,гов€жий фарш,минеральна€ вода,аксессуары,картофель-фри,томатный сок,зеленый чай
тертый сыр,гов€жий фарш,макароны,торт,зеленый чай
гамбургер,красное вино,помидоры,макароны,фрикадельки,бекон,лосось,шампунь
картофель-фри
замороженные овощи,помидоры,зеленый чай,картофель-фри,замороженный смузи,хот-дог
помидоры,минеральна€ вода,молоко,оливковое масло,курица,€йца,пирожные,блинчики,низкокалорийный йогурт
креветки,блинчики
жевательна€ резинка
замороженные овощи,макароны,печенье
минеральна€ вода,оливковое масло,французское вино,€йца,жевательна€ резинка,€годный сок,низкокалорийный йогурт
цельнозерновые макароны,макароны,минеральна€ вода,миндаль,растительное масло,шоколад,м€та
свежий тунец,травы и перец,минеральна€ вода,молоко,хлопь€
суп,мед,торт,картофель-фри,хот-дог,газированна€ вода,пирожные,клубника,блинчики,йогурт
картофель-фри
м€та
молоко,зеленый чай
ветчина,помидоры,гов€жий фарш,минеральна€ вода,лосось
креветки,замороженные овощи,минеральна€ вода,шоколад,суп,молоко,оливковое масло,€йца,торт
гов€жий фарш
минеральна€ вода
зеленый чай,картофель-фри,пирожные
минеральна€ вода,энергетический батончик,лосось,растительное масло,лук-шалот,низкокалорийный йогурт
минеральна€ вода,мед,творог
гамбургер,замороженные овощи,минеральна€ вода
минеральна€ вода,жевательна€ резинка
замороженный смузи
ветчина,замороженные овощи,гов€жий фарш,макароны,минеральна€ вода,шоколад,оливковое масло,овощна€ смесь,€йца,томатный сок
макароны,молоко,торт,соус дл€ гамбургеров,шоколад,белое вино
индейка,гов€жий фарш,шоколад,эскалоп
сыр,овощна€ смесь,картофель-фри,зеленый чай
шоколад,креветки,минеральна€ вода,молоко,соус дл€ барбекю,хлопь€,картофель-фри,низкокалорийный йогурт
минеральна€ вода,творог,блинчики
суп,оливковое масло,зеленый чай,творог,мед
торт,м€та
индейка,тертый сыр,сливочное масло,€йца,баклажаны,шоколад,картофель-фри
шоколад,шампанское,зеленый чай
зеленый виноград,шоколад
замороженные овощи,помидоры,гов€жий фарш,суп,молоко,низкокалорийный крем,растительное масло,курица,шоколад,низкокалорийный йогурт
гамбургер,помидоры,€йца,торт,картофель-фри,замороженный смузи,печенье,хот-дог,низкокалорийный майонез,томатный сок
минеральна€ вода,суп,€йца
солень€,шоколад,энергетический напиток,низкокалорийный йогурт
тертый сыр,минеральна€ вода,шоколад,молоко,черный чай,курица,зеленый чай,м€та
травы и перец,авокадо,лосось,рис,творог,журнал,зеленый чай
гамбургер,свежий тунец,макароны,энергетический батончик,бекон,€йца,картофель-фри,эскалоп,блинчики,батончик без глютена,низкокалорийный майонез
креветки,замороженные овощи,гов€жий фарш,макароны,минеральна€ вода,молоко,масло,хлопь€,картофель-фри,шампанское,замороженный смузи,низкокалорийный йогурт
помидоры,минеральна€ вода,растительное масло,шоколад
картофель-фри
макароны,минеральна€ вода,йогурт,низкокалорийный майонез,низкокалорийный йогурт
замороженные овощи
минеральна€ вода,замороженный смузи,низкокалорийный йогурт
минеральна€ вода,курица,хот-дог
свежий тунец,блинчики,торт,творог,пирожные,йогурт,белое вино,зеленый чай
замороженные овощи,макароны
печенье
шоколад,тертый сыр,лосось,картофель-фри,печенье,лук-шалот,томатный сок,низкокалорийный йогурт
пармезан,шоколад,черный чай,печенье
минеральна€ вода,морковь,шоколад,эскалоп,блинчики
индейка,гамбургер,свежий тунец,замороженные овощи,€йца,торт,блинчики,свежий хлеб
суп
эскалоп
травы и перец,гов€жий фарш,овс€на€ каша,салфетки
креветки,замороженные овощи,макароны,минеральна€ вода,молоко,энергетический батончик,курица,шоколад,м€та
сливочное масло,низкокалорийный йогурт
хот-дог
печенье
тертый сыр,€годный сок,низкокалорийный йогурт
блинчики,€йца
макароны,€йца,торт,эскалоп
травы и перец,креветки,шоколад,замороженный смузи
гамбургер,помидоры,масло,хлопь€,шоколад,картофель-фри,эскалоп,шампанское
соль
индейка,замороженные овощи,гов€жий фарш,€йца,соус дл€ барбекю,баклажаны,шампанское,эскалоп,зеленый чай
индейка,гов€жий фарш,оливковое масло,€йца,черника,средство от насекомых,зеленый чай
индейка,гамбургер,тертый сыр,перец,макароны,€йца,жевательна€ резинка,низкокалорийный йогурт,зеленый чай
замороженные овощи,помидоры,молоко,лосось,торт,эскалоп
макароны
минеральна€ вода
картофель-фри
шоколад,макароны,оливковое масло,миндаль,лосось,овощна€ смесь,замороженный смузи,творог,йогурт
макароны,оливковое масло,белый сыр,блинчики,€йца,хлопь€,аксессуары,йогурт,батончик без глютена,свежий хлеб,зеленый чай
минеральна€ вода
гамбургер,красное вино,макароны,молоко,курица,ветчина,шоколад,картофель-фри
гамбургер,замороженные овощи,минеральна€ вода,молоко,оливковое масло,мед,шоколад
тертый сыр,гов€жий фарш,перец,макароны,минеральна€ вода,шоколад,лосось,блинчики,€йца,эскалоп,печенье,свежий хлеб
шоколад,шампанское
фрикадельки,маффины,творог,клубника,протеиновый батончик
картофель-фри,низкокалорийный майонез
шоколад,креветки,цельнозерновые макароны,гов€жий фарш,молоко,картофель-фри
индейка,замороженные овощи,авокадо,сливочное масло,зеленый виноград,торт,соус дл€ барбекю,томатный сок
гамбургер,минеральна€ вода,шоколад,блинчики,мед,растительное масло,низкокалорийный майонез,протеиновый батончик,цукини,зеленый чай
шоколад,помидоры,лосось
энергетический батончик,курица,€йца,низкокалорийный майонез
замороженный смузи
тертый сыр,оливковое масло,французское вино,курица,сидр,бекон,мед,шоколад,картофель-фри,замороженный смузи
индейка,ветчина,тертый сыр,травы и перец,красное вино,креветки,гов€жий фарш,макароны,минеральна€ вода,блинчики,рис,хлопь€
картофель-фри
оливковое масло,€годный сок,картофель-фри,печенье,протеиновый батончик,зеленый чай
гамбургер,креветки,гов€жий фарш,макароны,минеральна€ вода,€йца,рис,хлопь€,шоколад
гов€жий фарш,макароны,минеральна€ вода,растительное масло
макароны
индейка,гов€жий фарш,перец,макароны,шоколад,блинчики,рис,печенье
зеленый чай
картофель-фри,эскалоп,макароны
€годный сок,пирожные
темный шоколад,картофельное пюре
гамбургер
курица
€годный сок
€годный сок
цельнозерновые макароны,оливковое масло,масло,аксессуары,макароны,белое вино,зеленый чай
замороженные овощи,€йца
картофель-фри
травы и перец,хот-дог
замороженные овощи,макароны,минеральна€ вода,миндаль,зеленый виноград,рис,торт,жевательна€ резинка,баклажаны,хлопь€,картофель-фри,свежий хлеб,низкокалорийный йогурт,зеленый чай
клубника
суп,молоко,оливковое масло,маффины
шоколад,цельнозерновые макароны,макароны,торт,черника,масло,курица
эскалоп
томатный соус,минеральна€ вода,миндаль,€йца,торт,шоколад,пирожные
молоко
гамбургер,гов€жий фарш,курица,цельнозернова€ мука,замороженный смузи,эскалоп,хот-дог,зеленый чай
замороженные овощи,авокадо,молоко,томатный сок
шампанское
печенье,мед
шоколад,креветки,перец,макароны,минеральна€ вода,обезжиренное молоко,черника,низкокалорийный крем,курица,морковь
индейка,креветки,шоколад,оливковое масло,французское вино,мед
чатни,€йца,дезодорант
цельнозерновые макароны,гов€жий фарш,макароны,фрикадельки,молоко,бекон,газированна€ вода,зеленый чай
замороженные овощи,гов€жий фарш,макароны,оливковое масло,сыр,€йца
индейка,эскалоп,макароны
зеленый чай
минеральна€ вода
перец,минеральна€ вода
блинчики,мед,соус дл€ барбекю
томатный соус,минеральна€ вода,молоко,французское вино,блинчики,низкокалорийный крем,растительное масло,курица,темный шоколад,баклажаны,шампанское,печенье
картофель-фри,энергетический напиток
замороженные овощи,шоколад,эскалоп,томатный сок
гамбургер,креветки,баклажаны,пирожные
картофель-фри
замороженные овощи,клубника,йогурт,батончик без глютена
гамбургер
минеральна€ вода,мед,замороженный смузи,творог,дезодорант
энергетический батончик,овощна€ смесь,энергетический напиток,низкокалорийный майонез
индейка,гамбургер,тертый сыр,гов€жий фарш,минеральна€ вода,молоко,овощна€ смесь,эскалоп
молоко,шоколад,картофель-фри,эскалоп,блинчики,салат
макароны,баклажаны,картофель-фри,зеленый чай
молоко,шоколад
минеральна€ вода,авокадо,торт,шоколад,картофель-фри,творог,блинчики,свежий хлеб,журнал
тертый сыр,€йца,макароны,хот-дог,газированна€ вода
цельнозерновые макароны
цельнозерновые макароны
макароны,минеральна€ вода,замороженный смузи,блинчики
шоколад,травы и перец,гов€жий фарш,минеральна€ вода,суп,оливковое масло,низкокалорийный крем,масло,курица,хот-дог
гов€жий фарш,макароны,бекон,картофель-фри,блинчики,йогурт
замороженные овощи
креветки,замороженные овощи,зеленый чай,картофель-фри,замороженный смузи,печенье,низкокалорийный майонез
индейка,креветки,цельнозерновые макароны,минеральна€ вода,молоко,блинчики,средство от насекомых,пирожные,дезодорант
шампанское
помидоры,шоколад,картофель-фри,замороженный смузи,печенье,низкокалорийный йогурт
гамбургер,торт,пирожные
€йца,низкокалорийный майонез
креветки
гамбургер,гов€жий фарш,молоко,рис
помидоры,сливочное масло,жевательна€ резинка,хлопь€,шоколад,блинчики,низкокалорийный майонез,зеленый чай
минеральна€ вода,торт,низкокалорийный йогурт
индейка,гов€жий фарш,перец,печенье
макароны,молоко,оливковое масло,овс€на€ каша,замороженный смузи,блинчики,белое вино,низкокалорийный йогурт
шоколад,печенье,шампанское
минеральна€ вода,оливковое масло,€йца,зеленый чай
минеральна€ вода,авокадо,рис,энергетический напиток
солень€,овощна€ смесь,блинчики,зеленый чай
минеральна€ вода,€йца
тертый сыр,травы и перец
батончик без глютена
гов€жий фарш,макароны,минеральна€ вода,фрикадельки,белый сыр,растительное масло
гамбургер,гов€жий фарш,эскалоп
шоколад,картофель-фри
индейка
тертый сыр,низкокалорийный майонез
овощна€ смесь,энергетический напиток
замороженные овощи,цельнозерновые макароны,минеральна€ вода,мед,растительное масло,замороженный смузи,томатный сок,свежий хлеб,зеленый чай
свежий тунец,замороженные овощи,минеральна€ вода,авокадо,фрикадельки,молоко,французское вино,белый сыр,мед,хлопь€,замороженный смузи,свежий хлеб
замороженные овощи,макароны,шоколад,оливковое масло,жевательна€ резинка,соус дл€ гамбургеров,замороженный смузи,блинчики,зеленый чай
минеральна€ вода,оливковое масло
минеральна€ вода,суп,торт,замороженный смузи,низкокалорийный йогурт
шампанское
солень€,замороженный смузи,шампанское,блинчики,м€та
цельнозерновые макароны,минеральна€ вода,шоколад,блинчики,дезодорант
макароны,эскалоп,печенье,шампанское,протеиновый батончик,протеиновый батончик,низкокалорийный йогурт
цельнозерновые макароны,оливковое масло,дезодорант
перец,минеральна€ вода,шоколад,молоко,обезжиренное молоко,замороженный смузи
молоко
цельнозерновые макароны,замороженный смузи,пирожные,энергетический напиток
зеленый чай
минеральна€ вода,молоко,шоколад
индейка,помидоры,макароны,авокадо,рис,картофель-фри
помидоры,гов€жий фарш,минеральна€ вода,молоко,мед,картофель-фри,блинчики,томатный сок
помидоры,€йца,шоколад,картофель-фри,низкокалорийный йогурт
макароны,минеральна€ вода,рис
красное вино
тертый сыр,гов€жий фарш,макароны,минеральна€ вода,оливковое масло,блинчики,торт,темный шоколад
торт,шоколад,низкокалорийный йогурт
низкокалорийный йогурт
печенье
свежий тунец,тертый сыр,минеральна€ вода,торт,черника,низкокалорийный крем,цельнозернова€ мука,картофель-фри,эскалоп
минеральна€ вода,темный шоколад,пирожные,спаржа,низкокалорийный йогурт
травы и перец,минеральна€ вода,шоколад,молоко,лосось,блинчики,€йца,зеленый чай,эскалоп
помидоры,макароны,суп,молоко,оливковое масло,курица,зелена€ фасоль,замороженный смузи
травы и перец,перец,минеральна€ вода,свежий хлеб
дын€
макароны,фрикадельки
минеральна€ вода
гов€жий фарш,макароны,€йца
тертый сыр,лосось,масло
тертый сыр,минеральна€ вода,сливочное масло,низкокалорийный йогурт
низкокалорийный йогурт
€йца
травы и перец,макароны,сливочное масло,растительное масло,замороженный смузи,низкокалорийный йогурт,мед
гамбургер,свежий тунец,минеральна€ вода,€йца,замороженный смузи,грибной соус,блинчики,йогурт,низкокалорийный майонез,майонез,зеленый чай
рис,картофель-фри,замороженный смузи,эскалоп
тертый сыр,минеральна€ вода,шоколад,чатни,лосось,€йца,рис,торт
гов€жий фарш,макароны
красное вино,макароны,минеральна€ вода,м€та
гов€жий фарш,томатный соус,макароны,минеральна€ вода,молоко,€йца,низкокалорийный крем,растительное масло,хлопь€,замороженный смузи,м€та
клубника
макароны,минеральна€ вода,рис,печенье
замороженные овощи,минеральна€ вода,суп,молоко,оливковое масло,черный чай,блинчики,свежий хлеб
индейка,картофель-фри,низкокалорийный йогурт
печенье
минеральна€ вода
креветки,минеральна€ вода
тертый сыр,замороженные овощи,помидоры,макароны,оливковое масло,энергетический батончик,мед,эскалоп,цветна€ капуста
минеральна€ вода,суп,темный шоколад
красное вино,черный чай,мед,торт
черный чай
гамбургер,шоколад,тертый сыр,травы и перец,гов€жий фарш,макароны,молоко,бекон,кукуруза,блинчики,зубна€ паста
тертый сыр,гов€жий фарш,молоко,сливочное масло,соус дл€ гамбургеров,масло,картофель-фри,низкокалорийный йогурт
тертый сыр,травы и перец,красное вино,макароны,минеральна€ вода,€йца
замороженные овощи,помидоры,гов€жий фарш,макароны,минеральна€ вода,шоколад
индейка,гамбургер,тертый сыр,перец,томатный соус,минеральна€ вода,миндаль,чатни,блинчики,€йца,эскалоп,низкокалорийный майонез
печенье
гов€жий фарш,картофель-фри,макароны
картофель-фри
печенье
эскалоп
тертый сыр,гов€жий фарш,макароны,минеральна€ вода,блинчики,торт
помидоры,гов€жий фарш,макароны,минеральна€ вода,€йца,рис,печенье,низкокалорийный йогурт,м€та
рис
макароны,суп
травы и перец,макароны,черный чай,торт,творог,йогурт
творог
перец,минеральна€ вода,блинчики,€йца,растительное масло,шоколад,низкокалорийный йогурт
тертый сыр,блинчики,черника,шампанское
индейка,травы и перец,пармезан,макароны,эскалоп,грибной соус,свежий хлеб,низкокалорийный йогурт
свежий тунец,сливочное масло,курица,зеленый чай,шоколад,свежий хлеб
замороженные овощи,пармезан
€йца,мед,зеленый чай
индейка,красное вино,цельнозерновые макароны,перец,макароны,минеральна€ вода,суп,авокадо,€йца,дезодорант,низкокалорийный йогурт
минеральна€ вода,шоколад,черный чай
гов€жий фарш,перец,макароны
€йца,рис,картофель-фри
помидоры,гов€жий фарш,перец,макароны,лосось,торт
€йца
индейка,шоколад,гов€жий фарш,минеральна€ вода,блинчики,цукини
индейка,гамбургер,травы и перец,замороженные овощи,цельнозерновые макароны,гов€жий фарш,макароны,минеральна€ вода,молоко,энергетический батончик,черный чай,сыр,обезжиренное молоко,€йца
креветки,замороженные овощи,помидоры,гов€жий фарш,макароны
торт
макароны,минеральна€ вода,лосось,жевательна€ резинка,соус дл€ гамбургеров,аксессуары,хот-дог,творог,м€та
свежий тунец,минеральна€ вода,мед,низкокалорийный йогурт
хлопь€,низкокалорийный йогурт,зеленый чай
креветки,минеральна€ вода,молоко,оливковое масло,€йца
гамбургер,минеральна€ вода,миндаль,€йца,рис,эскалоп
картофель-фри,журнал,майонез
креветки,шоколад,сем€ льна,овощна€ смесь,растительное масло,детска€ еда,низкокалорийный йогурт
макароны,средство от насекомых,цельнозернова€ мука
свежий тунец,замороженные овощи,мед,торт,пирожные,энергетический напиток
гамбургер,€йца,зеленый чай
гамбургер,шоколад,гов€жий фарш,макароны,молоко,оливковое масло,€йца,торт
гамбургер,креветки,молоко,блинчики,€йца,ветчина,картофель-фри
гамбургер,свежий тунец,замороженные овощи,минеральна€ вода,молоко,сидр,€йца,газированна€ вода,творог,свежий хлеб,низкокалорийный йогурт
томатный сок,майонез
травы и перец,креветки,замороженные овощи,минеральна€ вода,фрикадельки,лосось,€йца,рис,морковь
печенье
сливочное масло,€йца
тертый сыр,растительное масло,белое вино
замороженные овощи,цельнозерновые макароны,томатный соус,рис,зеленый чай
зелена€ фасоль,шампанское,низкокалорийный йогурт
замороженные овощи,гов€жий фарш,макароны,молоко,оливковое масло,€йца,растительное масло,м€тный зеленый чай,картофель-фри,низкокалорийный йогурт
гамбургер,шоколад,минеральна€ вода,белый сыр,лосось,€йца,рис,растительное масло,курица,морковь,томатный сок
индейка,€йца,белое вино,зеленый чай
€йца
гамбургер,сливочное масло,торт,растительное масло,баклажаны,хлопь€,пирожные
шампанское,грибной соус
тертый сыр,травы и перец,гов€жий фарш,макароны,лосось,растительное масло,шампанское
мед
гов€жий фарш,минеральна€ вода,мед,низкокалорийный йогурт
индейка,эскалоп
креветки,темный шоколад,цельнозернова€ мука
€йца,торт
замороженные овощи,минеральна€ вода,суп,молоко,€йца,энергетический напиток
курица,замороженный смузи
гамбургер,свежий тунец,тертый сыр,макароны,минеральна€ вода,авокадо,оливковое масло,жевательна€ резинка,замороженный смузи,хот-дог,творог
индейка,тертый сыр,креветки,помидоры,овощна€ смесь,пирожные,блинчики,томатный сок,зеленый чай
эскалоп,зеленый чай
кетчуп
печенье
замороженные овощи,минеральна€ вода,блинчики,торт,растительное масло,зеленый чай,шампунь,томатный сок,журнал
травы и перец,креветки,гов€жий фарш,йогурт
минеральна€ вода,€йца
шоколад,картофель-фри
тертый сыр,помидоры,гов€жий фарш,макароны,суп,фрикадельки,растительное масло,низкокалорийный йогурт
тертый сыр,замороженные овощи,гов€жий фарш,оливковое масло,лосось,черника
помидоры,макароны,молоко,оливковое масло,блинчики,рис,зеленый чай,йогурт,м€та
йогурт
креветки,замороженные овощи,помидоры,макароны,молоко,сливочное масло,курица,замороженный смузи,томатный сок,м€та
гамбургер,травы и перец,замороженные овощи,макароны,шоколад,молоко,сливочное масло,сем€ льна,миндаль,средство от насекомых,чили,цельнозернова€ мука,низкокалорийный йогурт
гов€жий фарш,макароны,минеральна€ вода,миндаль,€йца,хлопь€,зеленый чай
гов€жий фарш
замороженные овощи,сливочное масло,рис,корм дл€ животных,свежий хлеб
помидоры,гов€жий фарш,маффины,€йца,печенье
суп,молоко,блинчики,мед,м€тный зеленый чай,творог
травы и перец,гов€жий фарш,макароны,минеральна€ вода,суп,крем,блинчики,картофель-фри,замороженный смузи
индейка,гов€жий фарш,шоколад,печенье,томатный сок
гов€жий фарш,макароны,сливочное масло,французское вино,€йца,цельнозернова€ мука,хот-дог,газированна€ вода,пирожные,дезодорант,энергетический напиток
индейка,помидоры,гов€жий фарш,макароны,минеральна€ вода,фрикадельки,картофель-фри
красное вино,гов€жий фарш,макароны,минеральна€ вода,черный чай,майонез,низкокалорийный йогурт
соус дл€ гамбургеров,эскалоп
замороженные овощи,пармезан,гов€жий фарш,макароны,€йца,чай,эскалоп
помидоры
креветки,суп,жевательна€ резинка,соус дл€ барбекю
замороженный смузи,дын€
индейка,ветчина,шоколад,маффины,блинчики,торт,рис,курица,зеленый чай,низкокалорийный йогурт
минеральна€ вода,блинчики,масло
красное вино,торт,шампанское
творог,низкокалорийный майонез
картофель-фри,блинчики
красное вино,помидоры,гов€жий фарш,макароны,минеральна€ вода,оливковое масло,курица,рис,чили,кекс
индейка,оливковое масло,зеленый чай,мед
французское вино,торт
низкокалорийный йогурт
черный чай,€йца,рис,низкокалорийный йогурт,зеленый чай
помидоры,зеленый чай
замороженные овощи,помидоры,пармезан,минеральна€ вода
красное вино,пармезан,гов€жий фарш,макароны,протеиновый батончик,цветна€ капуста,м€та
солень€,хлопь€,зеленый чай
м€та
минеральна€ вода
замороженные овощи,гов€жий фарш,€йца,низкокалорийный йогурт
минеральна€ вода,шоколад,молоко,€йца,зубна€ паста,низкокалорийный йогурт
эскалоп
минеральна€ вода,суп,оливковое масло
индейка,макароны,курица,цельнозернова€ мука,творог,свежий хлеб
креветки,замороженные овощи
красное вино,сем€ льна,торт,замороженный смузи,хот-дог,зубна€ паста
крем
молоко,сливочное масло,зеленый виноград,шоколад,эскалоп
гамбургер,гов€жий фарш,макароны,минеральна€ вода,масло,соус дл€ барбекю,йогурт,низкокалорийный йогурт
эскалоп
шампанское
морковь
шоколад
шоколад,травы и перец,гов€жий фарш,макароны,минеральна€ вода,оливковое масло,рис,картофель-фри
томатный соус,минеральна€ вода,торт
индейка,блинчики
картофель-фри
мед,рис
шоколад,тертый сыр,макароны,сливочное масло,мед,торт,рис,картофель-фри,энергетический напиток
гов€жий фарш,батат,€йца,курица,макароны
картофель-фри
молоко,зелена€ фасоль,м€та
мед,шоколад,картофель-фри,эскалоп
минеральна€ вода,курица,журнал
средство от насекомых,низкокалорийный майонез
минеральна€ вода,лосось,овощна€ смесь,хлопь€,эскалоп
макароны,молоко,оливковое масло,низкокалорийный йогурт
гамбургер,€йца,замороженный смузи
шоколад
минеральна€ вода,французское вино,курица
перец
десертное вино,помидоры,гов€жий фарш,лосось,хот-дог
ветчина,гов€жий фарш,макароны,замороженный смузи,шампанское
гов€жий фарш,картофель-фри,грибной соус,пирожные
креветки,замороженные овощи,гов€жий фарш,макароны,минеральна€ вода
картофель-фри,протеиновый батончик
эскалоп
черника,аксессуары,картофель-фри,замороженный смузи,эскалоп,свежий хлеб
гамбургер,минеральна€ вода,сем€ льна,жевательна€ резинка,хлопь€
молоко,растительное масло,низкокалорийный йогурт
ветчина,тертый сыр,помидоры,гов€жий фарш,макароны,минеральна€ вода,французское вино,мед,рис,растительное масло,кетчуп,блинчики,журнал
замороженные овощи,белый сыр,блинчики,картофель-фри,эскалоп
гов€жий фарш,макароны,минеральна€ вода,оливковое масло,французское вино,лосось,хлопь€,белое вино,низкокалорийный йогурт
замороженные овощи,макароны,€йца,средство от насекомых,растительное масло,картофель-фри,эскалоп,хот-дог
гамбургер,красное вино,креветки,минеральна€ вода,рис,картофель-фри,клубника,протеиновый батончик,томатный сок,цветна€ капуста
шоколад
хот-дог,шампунь
травы и перец,макароны,блинчики,низкокалорийный йогурт,зеленый чай
минеральна€ вода,м€тный зеленый чай,картофель-фри
свежий тунец,макароны,минеральна€ вода,блинчики,цельнозернова€ мука,шампанское,хот-дог,томатный сок,зеленый чай
бекон,низкокалорийный майонез,низкокалорийный йогурт
индейка,свежий тунец,макароны,белый сыр,€йца,мед,ежевика,зеленый чай,эскалоп,творог
красное вино,шоколад,газированна€ вода,корм дл€ животных,картофель-фри,шампанское
оливковое масло,блинчики,зубна€ паста
зубна€ паста
энергетический батончик,шампанское
замороженные овощи,помидоры,молоко,лосось
молоко,шоколад
минеральна€ вода,авокадо,оливковое масло,маффины,зеленый чай,картофель-фри,эскалоп
шоколад
печенье
замороженные овощи,минеральна€ вода,молоко,оливковое масло,€йца,шоколад,эскалоп,йогурт
эскалоп
тертый сыр,гов€жий фарш,томатный соус,макароны,минеральна€ вода,белый сыр,блинчики,растительное масло,замороженный смузи,томатный сок
хот-дог,низкокалорийный майонез
€йца
креветки,макароны
гамбургер,замороженные овощи,макароны,минеральна€ вода,блинчики,шампанское,протеиновый батончик,протеиновый батончик
замороженные овощи,замороженный смузи,низкокалорийный майонез
минеральна€ вода
печенье
минеральна€ вода,оливковое масло
€йца
гамбургер,картофель-фри,замороженный смузи,хот-дог,клубника,зеленый чай
замороженные овощи,маффины,зеленый виноград
эскалоп
блинчики,печенье,зеленый чай
картофель-фри,печенье
минеральна€ вода,авокадо,торт,корм дл€ животных,баклажаны,картофель-фри,эскалоп,грибной соус,свежий хлеб,зубна€ паста
шампанское
печенье
молоко,курица,€йца,блинчики
шоколад
индейка,суп,шпинат,картофель-фри,соль
молоко,торт
эскалоп,лук-шалот,белое вино
замороженные овощи,молоко,курица
сливочное масло,рис,низкокалорийный йогурт
креветки,помидоры,морковь,шоколад,низкокалорийный йогурт
низкокалорийный йогурт
картофель-фри,печенье,грибной соус,мед
замороженные овощи,авокадо,шоколад,картофель-фри,эскалоп,шампанское,свежий хлеб
шоколад,эскалоп
печенье,клубника
перец,макароны,минеральна€ вода,молоко,блинчики,торт,белое вино,зеленый чай
торт,картофель-фри
замороженные овощи,молоко,миндаль,рис,растительное масло,шоколад,картофель-фри,низкокалорийный майонез,низкокалорийный йогурт
красное вино,макароны,минеральна€ вода,сидр,картофель-фри,печенье,блинчики,энергетический напиток
помидоры,минеральна€ вода,зеленый чай,шоколад,замороженный смузи,эскалоп
картофель-фри
тертый сыр,замороженные овощи,помидоры,минеральна€ вода,оливковое масло,протеиновый батончик,протеиновый батончик,свежий хлеб,зеленый чай
€йца
оливковое масло,€йца
картофель-фри,творог
шоколад,миндаль,овощна€ смесь,торт,картофель-фри,замороженный смузи,блинчики,энергетический напиток
печенье
замороженные овощи,минеральна€ вода,фрикадельки,сливочное масло,€йца
минеральна€ вода,энергетический батончик,шоколад,низкокалорийный йогурт
молоко,картофель-фри,пирожные
гамбургер,молоко,торт,баклажаны,зеленый чай
индейка,макароны,минеральна€ вода,шоколад,€йца,растительное масло,корм дл€ животных,печенье,протеиновый батончик
ветчина,гов€жий фарш,макароны,молоко,оливковое масло,французское вино,маффины,блинчики,цельнозернова€ мука,творог,зеленый чай
печенье
замороженные овощи,цельнозерновые макароны,гов€жий фарш,макароны,молоко,курица,€йца,картофель-фри,зеленый чай
молоко,белый сыр,лосось,€йца
низкокалорийный йогурт
сем€ льна,€йца,курица,зеленый чай
помидоры
зеленый чай
гамбургер,гов€жий фарш,минеральна€ вода,фрикадельки,молоко,€йца,торт
минеральна€ вода,конфеты
индейка,гамбургер,креветки,помидоры,растительное масло
печенье
минеральна€ вода,шоколад,молоко,энергетический батончик,белое вино
€йца,картофель-фри
помидоры,€йца
печенье
креветки,замороженные овощи,помидоры,пармезан,гов€жий фарш,макароны,€йца,торт,овс€на€ каша,хлопь€
замороженные овощи,рис
креветки,авокадо,конфеты
креветки,помидоры,минеральна€ вода,растительное масло
шоколад,миндаль,овощна€ смесь,€йца,рис,замороженный смузи,творог
дын€,конфеты
рис
низкокалорийный йогурт
замороженные овощи,помидоры,минеральна€ вода,суп,молоко,рис,торт,хлопь€
€йца,шоколад,картофель-фри
гамбургер,€йца,соус дл€ барбекю,картофель-фри
гамбургер,лук-шалот
минеральна€ вода,молоко
помидоры,энергетический батончик,торт,томатный сок
молоко,шоколад
молоко,курица,€йца
гамбургер,креветки,шоколад,блинчики,€йца,растительное масло,картофель-фри
креветки,молоко,томатный сок
сливочное масло,сем€ льна,зеленый чай,журнал
гамбургер,творог
минеральна€ вода,рис,торт,рис,растительное масло,курица,картофель-фри,печенье
креветки,макароны,минеральна€ вода,бекон,€йца,пирожные
тертый сыр,креветки,помидоры,макароны,минеральна€ вода
печенье
печенье,низкокалорийный йогурт
аксессуары
хот-дог
гов€жий фарш,оливковое масло,масло,€годный сок
ветчина,макароны,минеральна€ вода,€йца,курица,зеленый чай,шоколад,замороженный смузи
минеральна€ вода,€йца,рис,шоколад,эскалоп
€йца
тертый сыр,гов€жий фарш,рис
макароны,дезодорант
минеральна€ вода,зеленый чай
шоколад,картофель-фри
гамбургер,креветки,макароны,оливковое масло,лосось,растительное масло,эскалоп,томатный сок
травы и перец,минеральна€ вода,суп,молоко,французское вино,блинчики,€йца,мед,масло,шампанское,журнал,майонез
овощна€ смесь
соус дл€ барбекю
молоко
ветчина,помидоры,авокадо,белый сыр,блинчики,€йца,мед,рис,торт,жевательна€ резинка,низкокалорийный майонез
замороженные овощи,гов€жий фарш,макароны,минеральна€ вода,молоко,черный чай,блинчики,€йца,растительное масло,соус дл€ барбекю,шоколад
помидоры,молоко
€йца,зеленый чай
гов€жий фарш
замороженные овощи,цельнозерновые макароны,оливковое масло,€йца,морковь,зеленый чай,картофель-фри,творог
оливковое масло,торт,шоколад
гамбургер,красное вино,креветки,минеральна€ вода,молоко,мед
индейка,гамбургер,€йца,картофель-фри,макароны,зеленый чай
ветчина,гов€жий фарш,макароны,оливковое масло,овощна€ смесь,маффины
минеральна€ вода,печенье
творог,майонез
курица,масло,печенье,пирожные,томатный сок,зубна€ паста
минеральна€ вода,рис,эскалоп,низкокалорийный йогурт
креветки,перец,энергетический батончик,растительное масло,эскалоп,свежий хлеб
замороженные овощи,рис,торт
гамбургер,французское вино,€йца,соус дл€ барбекю,творог,дын€,свежий хлеб,белое вино
минеральна€ вода,зеленый чай,мед
чили
креветки,помидоры,гов€жий фарш,минеральна€ вода,масло
травы и перец,гов€жий фарш,макароны,лосось,маффины,€йца,курица
печенье
замороженные овощи
энергетический батончик,кекс,цельнозернова€ мука,м€та
печенье
ветчина,тертый сыр,замороженные овощи,гов€жий фарш,макароны
курица,€йца
ветчина,макароны,минеральна€ вода,€йца,зеленый чай
гамбургер,замороженные овощи,помидоры,суп,энергетический батончик,эскалоп
индейка,гамбургер,замороженные овощи,гов€жий фарш,минеральна€ вода,миндаль,лосось,соус дл€ барбекю,морковь,хот-дог
гамбургер,сливочное масло,эскалоп,цветна€ капуста
минеральна€ вода,шоколад,курица,эскалоп
минеральна€ вода,черный чай,миндаль,блинчики,€йца
лосось,овощна€ смесь
гов€жий фарш,макароны,молоко,цукини
помидоры,макароны,минеральна€ вода,молоко,рис,масло
шоколад
картофель-фри
десертное вино,шоколад,макароны,лосось,растительное масло,протеиновый батончик,протеиновый батончик
креветки,помидоры,минеральна€ вода,курица,цельнозернова€ мука,творог,дезодорант,свежий хлеб
соль
креветки,суп,сливочное масло
свежий тунец,минеральна€ вода,€йца
красное вино,растительное масло,картофель-фри
печенье
гамбургер,€йца
€йца,печенье
гамбургер,картофель-фри,йогурт
€йца,корм дл€ животных
лосось,шоколад
помидоры,минеральна€ вода,мед,рис,растительное масло,цельнозернова€ мука,замороженный смузи,низкокалорийный йогурт
минеральна€ вода,замороженный смузи
индейка,макароны,оливковое масло,сыр,блинчики,€йца,томатный сок,свежий хлеб
макароны,черный чай
мед,эскалоп,низкокалорийный йогурт
креветки
минеральна€ вода,€йца,клубника
индейка,гамбургер,цельнозерновые макароны,шоколад,молоко,оливковое масло,курица,блинчики,растительное масло,зеленый чай
энергетический батончик,блинчики
грибной соус
картофель-фри
гамбургер,молоко,торт,хлопь€
солень€,низкокалорийный майонез
торт,масло,эскалоп,блинчики,йогурт
йогурт,конфеты
гов€жий фарш,печенье
помидоры,минеральна€ вода,баклажаны,картофель-фри
гов€жий фарш,макароны,минеральна€ вода,чили,эскалоп
гамбургер,минеральна€ вода,лосось,овощна€ смесь,блинчики,€йца,замороженный смузи,дезодорант
эскалоп
рис,печенье,протеиновый батончик,протеиновый батончик
французское вино,корм дл€ животных
картофель-фри
картофель-фри,эскалоп,макароны,грибной соус,свежий хлеб
минеральна€ вода,шоколад,хлопь€
индейка,€йца
замороженные овощи,помидоры,курица,свежий хлеб,журнал,зеленый чай
десертное вино,гов€жий фарш,перец,сливочное масло,курица,картофель-фри,цукини
молоко,замороженный смузи
картофель-фри,творог
гов€жий фарш,макароны,молоко,темный шоколад,зеленый чай
помидоры,фрикадельки,картофель-фри
эскалоп
помидоры,картофель-фри,клубника
замороженные овощи,шоколад,€йца,баклажаны,аксессуары,зеленый чай
авокадо,пирожные
минеральна€ вода,€йца,торт,низкокалорийный йогурт
десертное вино,гов€жий фарш,макароны,минеральна€ вода,лосось,растительное масло
индейка,минеральна€ вода,€йца,средство от насекомых
авокадо
гов€жий фарш,макароны,минеральна€ вода,обезжиренное молоко,мед,корм дл€ животных,баклажаны,белое вино
печенье
минеральна€ вода,торт
€йца,белое вино
печенье
гамбургер,молоко,€йца
печенье
макароны
молоко
чили,зелена€ фасоль,блинчики
минеральна€ вода,молоко,курица,€йца,черника,блинчики
гамбургер,морковь,картофель-фри,зеленый чай
€йца,торт,курица
тертый сыр,помидоры,батат,авокадо,лосось,рис,растительное масло,батончик без глютена,протеиновый батончик,протеиновый батончик
суп,картофель-фри,дезодорант
€йца,зеленый чай
индейка,минеральна€ вода,шоколад,авокадо
шоколад
картофель-фри
ветчина,овощна€ смесь,замороженный смузи
индейка,замороженные овощи,молоко,€йца
зеленый чай
€йца,грибной соус
овощна€ смесь
оливковое масло,лосось,овощна€ смесь
€йца,рис
картофель-фри,эскалоп,макароны,грибной соус
сидр,мед,низкокалорийный йогурт
минеральна€ вода,суп,авокадо,шампанское,батончик без глютена,журнал,майонез,низкокалорийный йогурт
гов€жий фарш,черный чай
индейка,шоколад,рис
эскалоп,макароны
картофель-фри
макароны,минеральна€ вода,авокадо,миндаль,французское вино,масло,зеленый чай,картофель-фри,замороженный смузи,дын€
суп,молоко
помидоры,картофель-фри
м€тный зеленый чай,конфеты
индейка
травы и перец,молоко,курица,овощна€ смесь,хлопь€,низкокалорийный йогурт
суп,сливочное масло,шоколад
красное вино,минеральна€ вода,суп,авокадо,€йца,масло,кукуруза,кекс,картофель-фри,дезодорант,свежий хлеб,зеленый чай
креветки,гов€жий фарш,перец,минеральна€ вода,рис
€йца,картофель-фри,клубника
эскалоп
тертый сыр,замороженные овощи
курица,маффины,торт,йогурт
замороженные овощи,помидоры,минеральна€ вода,торт
энергетический батончик
тертый сыр,гов€жий фарш,рис,торт
гамбургер,тертый сыр,минеральна€ вода,торт
молоко,печенье,белое вино
ветчина,солень€,макароны,€йца,рис,картофель-фри,шампанское
замороженные овощи,рис,энергетический напиток
красное вино,макароны,минеральна€ вода,крем,масло,курица,темный шоколад,печенье
гов€жий фарш,макароны,молоко,€йца,шоколад,блинчики,свежий хлеб
шоколад,минеральна€ вода,оливковое масло,€йца,мед,замороженный смузи,газированна€ вода,конфеты
авокадо,рис
зеленый чай
помидоры,сем€ льна,курица,зеленый чай,шоколад,творог
гамбургер,макароны,средство от насекомых,детска€ еда,низкокалорийный йогурт
гамбургер,макароны,минеральна€ вода,молоко,картофель-фри
креветки,шампанское
шоколад
торт
гамбургер,€йца,низкокалорийный йогурт,зеленый чай
гамбургер,черный чай,эскалоп
минеральна€ вода,€йца
десертное вино,минеральна€ вода,молоко,сем€ льна,сыр,мед
шоколад
травы и перец
€годный сок,эскалоп
ветчина,креветки,помидоры,гов€жий фарш,шоколад
эскалоп,мед
минеральна€ вода,белый сыр,сидр,€йца
овощна€ смесь,мед,замороженный смузи
авокадо,молоко,хлопь€,свежий хлеб
пармезан,макароны,картофель-фри,печенье
€йца,курица,зеленый чай,картофель-фри
гамбургер,ветчина,помидоры,макароны,хот-дог,свежий хлеб
гамбургер,энергетический батончик,€йца
шоколад,свежий хлеб
шоколад,замороженный смузи,творог
минеральна€ вода,шоколад,картофельное пюре,пирожные
€йца
€йца,картофель-фри
креветки,цельнозерновые макароны,молоко,шоколад,картофель-фри,замороженный смузи,блинчики,энергетический напиток,зеленый чай
€йца,торт,зеленый чай
тертый сыр,перец,блинчики,торт,картофель-фри,зеленый чай
минеральна€ вода,лосось
эскалоп
шоколад
энергетический напиток,майонез
цельнозерновые макароны,молоко,оливковое масло
авокадо,картофель-фри
свежий тунец,перец,томатный соус,сэндвич
тертый сыр,замороженные овощи,французское вино,растительное масло,картофель-фри,эскалоп,свежий хлеб
хлопь€,шампанское
минеральна€ вода,рис,растительное масло,картофель-фри,эскалоп
растительное масло,замороженный смузи,грибной соус
минеральна€ вода
минеральна€ вода,авокадо,зеленый чай,шоколад
макароны,€йца
блинчики
печенье
гамбургер,шампанское,свежий хлеб
свежий тунец,гов€жий фарш,оливковое масло,кетчуп
минеральна€ вода
макароны,фрикадельки,овощна€ смесь,маффины,торт
гамбургер,лосось,€йца,картофель-фри,грибной соус
эскалоп
шампанское,свежий хлеб
рис
оливковое масло,растительное масло,творог
замороженные овощи,оливковое масло,овс€на€ каша
креветки,помидоры
помидоры,картофель-фри,сэндвич
пирожные,энергетический напиток
замороженные овощи,макароны,минеральна€ вода,рис,растительное масло,кекс,цельнозернова€ мука,пирожные
индейка,креветки,помидоры,фрикадельки,энергетический батончик,овощна€ смесь,рис,морковь,зеленый чай
гамбургер,€йца,курица,шоколад,картофель-фри,замороженный смузи,шампанское,детска€ еда
индейка,гамбургер,суп,белый сыр,картофель-фри,печенье
суп,зеленый чай,эскалоп
ветчина,креветки,молоко,рис,хлопь€,шоколад,блинчики,свежий хлеб
макароны,минеральна€ вода,шпинат,мед,торт,картофель-фри,замороженный смузи,энергетический напиток
минеральна€ вода
блинчики
помидоры,оливковое масло
макароны,минеральна€ вода,соус дл€ барбекю,йогурт,салат
гамбургер,макароны,авокадо,молоко,сем€ льна,французское вино,сидр,шоколад,замороженный смузи,зеленый чай
хот-дог
растительное масло,низкокалорийный майонез
минеральна€ вода,€йца,средство от насекомых
индейка,гамбургер,макароны,мед,морковь,пирожные,зеленый чай
минеральна€ вода
минеральна€ вода,черный чай,миндаль
рис,картофель-фри,печенье,свежий хлеб,зеленый чай
масло,картофель-фри,шампанское,печенье,хот-дог,низкокалорийный майонез,томатный сок,зеленый чай
лук-шалот
€йца,ветчина
шоколад
креветки,гов€жий фарш,растительное масло,хлопь€,зеленый чай
минеральна€ вода,авокадо,фрикадельки,молоко,торт,растительное масло,шоколад,картофель-фри
индейка,травы и перец,гов€жий фарш,минеральна€ вода,шоколад,молоко,€йца,черника,мед
картофель-фри
ветчина,макароны
гамбургер,энергетический батончик,миндаль,€йца,картофель-фри,зеленый чай
гамбургер,ветчина,авокадо,€йца,м€тный зеленый чай,картофель-фри,печенье
блинчики
печенье
эскалоп,низкокалорийный йогурт
десертное вино,гов€жий фарш,макароны,белый сыр,торт,курица,протеиновый батончик
торт,творог
травы и перец,красное вино,макароны,€йца,курица,шампанское,томатный сок,низкокалорийный йогурт
печенье,низкокалорийный йогурт
низкокалорийный йогурт
гамбургер,€йца
креветки,помидоры,гов€жий фарш,сливочное масло,зеленый чай,зубна€ паста
печенье
€йца,рис
печенье
индейка,минеральна€ вода,€йца,низкокалорийный йогурт
индейка,гамбургер,ветчина,замороженные овощи,рис,шоколад
картофель-фри,эскалоп
ветчина,шоколад,гов€жий фарш,перец,минеральна€ вода,картофель-фри
шампанское
гамбургер,макароны
рис,рис,масло,растительное масло,картофель-фри,низкокалорийный йогурт
французское вино,рис,картофель-фри,пирожные
авокадо,молоко
зеленый чай
макароны,сем€ льна,картофель-фри
индейка,гамбургер,минеральна€ вода,фрикадельки,молоко,миндаль,французское вино,€йца,торт,морковь,низкокалорийный йогурт
тертый сыр,минеральна€ вода,рис,замороженный смузи
молоко,€йца
травы и перец,креветки,гов€жий фарш,молоко,оливковое масло,рис,свежий хлеб,низкокалорийный йогурт
свежий тунец,миндаль
индейка,замороженные овощи,макароны,€йца,шоколад,картофель-фри,замороженный смузи,хот-дог,пирожные
красное вино,макароны,морковь
шампанское
батат,торт
энергетический напиток
хлопь€,шампанское,салат
солень€,индейка,пармезан,перец,макароны,минеральна€ вода,фрикадельки,молоко,оливковое масло,французское вино,лосось,замороженный смузи,свежий хлеб
тертый сыр,травы и перец,помидоры,гов€жий фарш,минеральна€ вода,рис,низкокалорийный йогурт
тертый сыр,замороженные овощи,молоко,лосось,€йца,растительное масло,кукуруза
гов€жий фарш,томатный соус,макароны
замороженные овощи,€йца,шампанское
тертый сыр,минеральна€ вода,€йца,протеиновый батончик,томатный сок,свежий хлеб
эскалоп
минеральна€ вода,мед
фрикадельки
гамбургер,ветчина,€йца,рис,ветчина,картофель-фри,печенье,зеленый чай
минеральна€ вода,шоколад,курица
минеральна€ вода,шоколад,картофель-фри,клубника
шампанское
пирожные
красное вино,оливковое масло,курица,€йца,рис,баклажаны,газированна€ вода
шампанское
печенье
индейка,шоколад,красное вино,макароны,авокадо,сливочное масло,масло,зелена€ фасоль,дезодорант
гов€жий фарш,аксессуары,шоколад
маффины,сэндвич
белый сыр,картофель-фри,эскалоп,макароны,грибной соус,свежий хлеб
замороженные овощи,дын€
свежий тунец,креветки,замороженные овощи,помидоры,белый сыр,мед,зеленый чай
гамбургер,красное вино,помидоры,гов€жий фарш,минеральна€ вода,блинчики
макароны
зеленый чай
помидоры,макароны,фрикадельки,французское вино,€йца,дын€,свежий хлеб
минеральна€ вода,шоколад,картофель-фри,блинчики
картофель-фри,пирожные
минеральна€ вода
энергетический батончик,конфеты
томатный сок,конфеты
тертый сыр,макароны,минеральна€ вода,€йца,жевательна€ резинка,замороженный смузи,дезодорант,энергетический напиток
хот-дог
помидоры,печенье,зеленый чай
авокадо,сидр,€йца,рис,картофель-фри,печенье,низкокалорийный йогурт
шампанское
м€тный зеленый чай,печенье
торт,шоколад,йогурт
печенье
гамбургер,ветчина,шоколад
€йца,морковь
аксессуары,печенье
шоколад,гов€жий фарш,минеральна€ вода,€йца,рис,низкокалорийный йогурт
картофель-фри
м€тный зеленый чай,творог
минеральна€ вода,курица,шоколад,эскалоп
десертное вино,замороженные овощи,макароны
гамбургер,минеральна€ вода
солень€,травы и перец,помидоры,гов€жий фарш,шоколад,зеленый чай
печенье,мед
свежий тунец,белый сыр,€йца,мед,замороженный смузи,печенье,творог,пирожные,блинчики,энергетический напиток
картофель-фри
торт,жевательна€ резинка,зеленый чай,шоколад,шампанское
замороженные овощи,помидоры,пармезан,жевательна€ резинка,шоколад,картофель-фри,клубника
креветки,замороженные овощи,молоко,сливочное масло,торт
помидоры
молоко
гов€жий фарш,минеральна€ вода,французское вино,сыр
пирожные,йогурт
гамбургер,минеральна€ вода,молоко,оливковое масло,торт,замороженный смузи,низкокалорийный майонез
картофель-фри
картофель-фри,энергетический напиток
минеральна€ вода
гамбургер,замороженные овощи,гов€жий фарш,перец,макароны,минеральна€ вода,мед,клубника
гамбургер,ветчина,молоко
минеральна€ вода,растительное масло,картофель-фри
тертый сыр,креветки,макароны,авокадо,молоко
минеральна€ вода,блинчики,€йца,замороженный смузи
минеральна€ вода,рис
€йца,торт,соус дл€ барбекю,картофель-фри,дезодорант
минеральна€ вода,эскалоп
низкокалорийный йогурт
свежий тунец,замороженные овощи,макароны,минеральна€ вода,молоко,чатни,€йца,низкокалорийный крем,растительное масло,томатный сок,зеленый чай
гамбургер,шоколад,французское вино,блинчики
эскалоп
тертый сыр,замороженные овощи,минеральна€ вода,блинчики
йогурт
индейка,замороженные овощи,гов€жий фарш,минеральна€ вода,курица,соус дл€ барбекю,газированна€ вода
эскалоп
шампанское
тертый сыр,картофель-фри,замороженный смузи,эскалоп,макароны
минеральна€ вода,овощна€ смесь,шоколад
блинчики
гов€жий фарш,томатный соус,макароны,курица,лосось,овс€на€ каша,баклажаны,зеленый чай
пирожные
креветки,гов€жий фарш,лосось,клубника
тертый сыр,гов€жий фарш
соль,зеленый чай
€йца
€йца,картофель-фри
шоколад,грибной соус
тертый сыр,минеральна€ вода,зеленый чай
энергетический батончик,€йца,картофель-фри,дын€
картофель-фри
гамбургер,минеральна€ вода
индейка,ветчина,фрикадельки,блинчики,рис,курица,морковь
минеральна€ вода,низкокалорийный йогурт
эскалоп
блинчики
ветчина,суп,оливковое масло,черника
помидоры,картофель-фри,печенье
минеральна€ вода
эскалоп,макароны
макароны,оливковое масло,€йца,пирожные,томатный сок,низкокалорийный йогурт
картофель-фри,клубника
сливочное масло
помидоры,оливковое масло,французское вино,шоколад,замороженный смузи,мед
креветки,макароны,минеральна€ вода,шоколад,масло,протеиновый батончик
ветчина,€йца,мед,жевательна€ резинка,низкокалорийный крем,ветчина
шоколад,низкокалорийный майонез
газированна€ вода,эскалоп,томатный сок
макароны,€йца
гамбургер,блинчики
батат
молоко
тертый сыр,макароны,сливочное масло
маффины,€йца,блинчики
травы и перец
эскалоп
картофель-фри
€йца,мед
помидоры,шоколад
замороженные овощи,молоко,средство от насекомых,эскалоп
конфеты
эскалоп
минеральна€ вода,замороженный смузи,клубника,зеленый чай
шоколад,замороженные овощи,блинчики,шампанское
печенье
перец,минеральна€ вода
макароны,авокадо,мед,аксессуары
индейка,замороженные овощи,макароны,минеральна€ вода,шоколад,овощна€ смесь,замороженный смузи
макароны,минеральна€ вода
шампанское
макароны,курица
печенье
замороженные овощи,макароны,минеральна€ вода,бекон,рис,баклажаны,картофель-фри,шампанское,эскалоп,шампунь
замороженный смузи,творог,низкокалорийный йогурт
цельнозерновые макароны,€йца,торт,замороженный смузи,печенье
макароны,рис,торт,шоколад,печенье
макароны
ветчина,молоко,курица,рис,ветчина,баклажаны
макароны,минеральна€ вода,авокадо,клубника
свежий тунец
блинчики,йогурт
индейка,минеральна€ вода,мед,рис
белый сыр,мед,курица,хлопь€,картофель-фри,замороженный смузи,низкокалорийный майонез,зеленый чай
€йца
клубника
гов€жий фарш,томатный соус
замороженные овощи,авокадо,молоко,картофель-фри,низкокалорийный майонез
протеиновый батончик
замороженные овощи,помидоры,белый сыр,€йца,шампанское,замороженный смузи,низкокалорийный майонез
гамбургер,молоко,хлопь€
картофель-фри,лук-шалот
жевательна€ резинка
индейка,макароны,€йца,мед,картофель-фри,шампанское,блинчики,протеиновый батончик
гамбургер,овощна€ смесь,зеленый чай
креветки,замороженные овощи,помидоры,клубника
минеральна€ вода,молоко,торт,цельнозернова€ мука,картофель-фри
шампанское,печенье
замороженные овощи,минеральна€ вода,низкокалорийный йогурт,зеленый чай
травы и перец,макароны,эскалоп,грибной соус,зеленый чай
макароны
индейка,замороженные овощи,помидоры,авокадо,энергетический батончик,блинчики,низкокалорийный крем,растительное масло,корм дл€ животных,овс€на€ каша
гамбургер,помидоры,суп,картофель-фри,печенье,дезодорант,зеленый чай
минеральна€ вода,молоко,сидр,шоколад,картофель-фри
гамбургер,свежий тунец,помидоры,перец,макароны,французское вино,мед,шоколад,зеленый чай
эскалоп
хлопь€
батончик без глютена
макароны,жевательна€ резинка
ветчина,макароны,хот-дог
гамбургер,замороженные овощи,шоколад,овощна€ смесь,рис,замороженный смузи
минеральна€ вода,рис
замороженные овощи,минеральна€ вода,блинчики,грибной соус,майонез
гамбургер,сливочное масло,рис,масло,печенье,зеленый чай
€йца,торт
маффины,жевательна€ резинка
десертное вино,минеральна€ вода,€йца,картофель-фри
индейка,красное вино,замороженные овощи,макароны,минеральна€ вода,молоко,оливковое масло,€йца,цветна€ капуста,низкокалорийный йогурт
клубника,дын€
картофель-фри,хот-дог,дезодорант,низкокалорийный майонез
шоколад,авокадо,молоко,€йца,растительное масло,клубника
шоколад,замороженные овощи,помидоры,макароны
гамбургер,€йца,шоколад,картофель-фри,низкокалорийный йогурт,зеленый чай
картофель-фри
хлопь€
помидоры,фрикадельки,сливочное масло,маффины,€йца,детска€ еда,низкокалорийный йогурт
черный чай,маффины
минеральна€ вода,мед,низкокалорийный йогурт
картофель-фри
шоколад,мед
макароны,суп,торт,рис,томатный сок,цукини
торт,м€тный зеленый чай
маффины,эскалоп,белое вино,зеленый чай
гамбургер
креветки,молоко,оливковое масло,зеленый чай
блинчики
энергетический батончик
шоколад
гамбургер,макароны,авокадо
оливковое масло
гов€жий фарш,макароны,минеральна€ вода,€йца,курица,хлопь€,картофель-фри,протеиновый батончик
маффины,картофель-фри
ветчина,помидоры,минеральна€ вода,суп,молоко,овощна€ смесь,торт,ежевика,замороженный смузи,эскалоп,хот-дог,творог,низкокалорийный йогурт
индейка,свежий тунец,замороженные овощи,помидоры,пармезан,макароны,минеральна€ вода,молоко,миндаль,овощна€ смесь,обезжиренное молоко,рис
замороженные овощи,авокадо,молоко,миндаль,курица,€йца,рис,зелена€ фасоль,замороженный смузи
шоколад,гов€жий фарш,макароны,минеральна€ вода,лосось,блинчики,рис,зелена€ фасоль
гов€жий фарш,макароны,мед,темный шоколад
макароны,замороженный смузи,хот-дог,свежий хлеб
зеленый чай,чай
картофель-фри
шоколад,тертый сыр,растительное масло,эскалоп
маффины
красное вино,курица,рис
тертый сыр,€йца
маффины
макароны,зеленый чай,картофель-фри,шампунь
эскалоп
шампанское,белое вино
травы и перец,замороженные овощи,минеральна€ вода,растительное масло,картофель-фри,зубна€ паста
минеральна€ вода,ветчина,замороженный смузи
шоколад,молоко,оливковое масло
авокадо,йогурт
торт,растительное масло,зеленый чай
гамбургер,минеральна€ вода,молоко
перец,овощна€ смесь
замороженные овощи,макароны,сливочное масло,блинчики,м€та
маффины
картофель-фри
торт,картофель-фри
ветчина,макароны,минеральна€ вода,французское вино,замороженный смузи,творог
минеральна€ вода,французское вино,€йца,шоколад
газированна€ вода
лук-шалот
помидоры,минеральна€ вода
печенье
корм дл€ животных,картофель-фри
тертый сыр,молоко
фрикадельки
масло
ветчина,тертый сыр,шоколад,рис,йогурт,цветна€ капуста
замороженные овощи,помидоры,минеральна€ вода,курица,лосось,маффины,шоколад,зеленый чай
картофель-фри,печенье
картофель-фри
ветчина,минеральна€ вода,молоко
индейка,замороженные овощи,макароны,авокадо,сливочное масло,курица,рис,торт,томатный сок
оливковое масло,лосось,мед
замороженные овощи,гов€жий фарш,макароны,минеральна€ вода,маффины,рис,зелена€ фасоль,картофель-фри,хот-дог
гамбургер,низкокалорийный йогурт
замороженные овощи,оливковое масло,томатный сок
тертый сыр,белый сыр,печенье
эскалоп,цукини
минеральна€ вода,хлопь€,€годный сок,зеленый чай,картофель-фри,шампанское,блинчики
лосось
минеральна€ вода,белый сыр,картофель-фри,дезодорант,блинчики,энергетический напиток,зеленый чай
гамбургер,замороженные овощи,гов€жий фарш,макароны,французское вино,замороженный смузи,творог,пирожные
тертый сыр,макароны,минеральна€ вода,лосось,рис,черника,зелена€ фасоль,сэндвич,блинчики,шампунь
травы и перец,минеральна€ вода,суп,мед,свежий хлеб
травы и перец,йогурт
рис
эскалоп
гамбургер,замороженные овощи,молоко,овощна€ смесь,хлопь€,шоколад,картофель-фри,эскалоп,пирожные
помидоры,макароны,минеральна€ вода,шоколад,оливковое масло,миндаль,торт,томатный сок,свежий хлеб
индейка,€йца
сливочное масло,соус дл€ барбекю
минеральна€ вода,рис
фрикадельки,рис
минеральна€ вода
томатный соус,минеральна€ вода,суп,хлопь€,картофель-фри
суп,курица,растительное масло,картофель-фри
тертый сыр,травы и перец,макароны,минеральна€ вода,молоко,растительное масло,замороженный смузи
красное вино
красное вино,перец,маффины,шампанское,зеленый чай
гов€жий фарш,перец,авокадо,бекон,рис,средство от насекомых,баклажаны,шоколад,замороженный смузи,эскалоп,газированна€ вода
шоколад,сидр,маффины,€йца,картофель-фри,творог,блинчики,батончик без глютена
сливочное масло,курица,зеленый чай,печенье
минеральна€ вода,хлопь€
печенье,энергетический напиток
минеральна€ вода,€йца,печенье,клубника
масло
гамбургер,ветчина,цельнозерновые макароны,перец,макароны,черный чай,французское вино,курица,бекон,овощна€ смесь,блинчики,€йца,соус дл€ барбекю,баклажаны,зеленый чай
индейка,бекон,растительное масло,соус дл€ барбекю,кетчуп,дын€
миндаль,€йца
гамбургер,ветчина,минеральна€ вода,суп,авокадо,молоко,рис,шампунь,детска€ еда
шоколад,помидоры,минеральна€ вода,авокадо,растительное масло,картофель-фри,печенье,макароны,низкокалорийный йогурт
фрикадельки,молоко
гамбургер,цельнозерновые макароны,миндаль,курица
шоколад,молоко
тертый сыр,макароны
хлопь€
красное вино,цельнозерновые макароны,макароны,сливочное масло,французское вино,белый сыр,зелена€ фасоль,картофель-фри,пирожные,энергетический напиток,низкокалорийный йогурт
замороженные овощи,минеральна€ вода,низкокалорийный йогурт
минеральна€ вода,молоко,энергетический батончик,€йца,шоколад,замороженный смузи
протеиновый батончик,низкокалорийный йогурт,мед
€йца,торт,жевательна€ резинка
замороженные овощи,минеральна€ вода
авокадо,черный чай,рис,торт,картофель-фри,творог,томатный сок,зеленый чай
низкокалорийный йогурт
шоколад
макароны,минеральна€ вода,сыр
замороженный смузи
блинчики,энергетический напиток,низкокалорийный майонез,свежий хлеб,цукини
растительное масло,шампанское
журнал
средство от насекомых,хот-дог
низкокалорийный йогурт
гов€жий фарш
помидоры,шампанское,клубника,йогурт,зеленый чай
гамбургер,сидр,блинчики,картофель-фри,зеленый чай
макароны,минеральна€ вода,хот-дог
замороженные овощи,помидоры,гов€жий фарш,перец,макароны,минеральна€ вода,оливковое масло,шампанское,замороженный смузи,грибной соус,хот-дог,протеиновый батончик,зеленый чай
низкокалорийный йогурт
индейка,белый сыр,картофель-фри
замороженный смузи
свежий тунец,минеральна€ вода,французское вино,растительное масло,зеленый чай,замороженный смузи
индейка,травы и перец,минеральна€ вода
клубника,энергетический напиток
креветки,€йца,картофель-фри,клубника,зеленый чай
печенье
печенье
печенье
сливочное масло,картофель-фри,протеиновый батончик
креветки,помидоры,макароны,минеральна€ вода,суп,обезжиренное молоко,блинчики,овс€на€ каша,белое вино
минеральна€ вода,эскалоп,лук-шалот,томатный сок
креветки
печенье
авокадо
свежий тунец,минеральна€ вода,авокадо,€йца,шампанское,пирожные
ветчина,€йца,шампанское
помидоры,€йца
сливочное масло,блинчики,€йца,замороженный смузи,низкокалорийный йогурт
печенье
макароны,минеральна€ вода,фрикадельки,растительное масло
минеральна€ вода,фрикадельки,курица,зеленый чай
гамбургер,помидоры,гов€жий фарш,минеральна€ вода,сидр,€йца,растительное масло,шоколад
печенье
молоко,€йца
эскалоп
печенье,зеленый чай
тертый сыр,замороженные овощи,помидоры,макароны,оливковое масло,блинчики,батончик без глютена,зеленый чай
печенье
помидоры,картофель-фри
ветчина,тертый сыр,черный чай,масло,растительное масло,дын€
тертый сыр,помидоры,лосось,рис
макароны,минеральна€ вода,бекон,шпинат,торт,растительное масло,темный шоколад
минеральна€ вода,блинчики
гамбургер,шоколад
шампанское
шоколад,низкокалорийный йогурт
травы и перец,помидоры,минеральна€ вода,шоколад,суп,молоко,сем€ льна,мед,протеиновый батончик
замороженные овощи,шоколад,шампанское,низкокалорийный йогурт
€йца,рис,картофель-фри,шампанское,эскалоп
печенье
гамбургер,макароны,молоко,€йца,картофель-фри,печенье
миндаль,блинчики,€йца,шоколад,картофель-фри,м€та
тертый сыр,макароны,минеральна€ вода,курица,обезжиренное молоко,€йца,торт
картофель-фри
€йца
картофель-фри,эскалоп
блинчики
свежий тунец,индейка,лосось,торт
макароны,минеральна€ вода,растительное масло,овс€на€ каша,хот-дог,зеленый чай
печенье
печенье
печенье
замороженные овощи,помидоры,гов€жий фарш,макароны,минеральна€ вода,суп,молоко,чай,шоколад,хот-дог,цветна€ капуста,низкокалорийный йогурт
замороженные овощи,минеральна€ вода,энергетический батончик,картофель-фри,хот-дог,энергетический напиток,низкокалорийный йогурт
печенье,пирожные
печенье,энергетический напиток
шоколад,картофель-фри
индейка,красное вино,пармезан,макароны,минеральна€ вода,фрикадельки,оливковое масло,бекон,мед,черника,кекс,хот-дог,пирожные,блинчики
зеленый чай
замороженные овощи,макароны,курица,темный шоколад,творог
креветки,суп,молоко,низкокалорийный йогурт
минеральна€ вода,суп,масло,растительное масло,мед
травы и перец,гов€жий фарш,картофель-фри,замороженный смузи,протеиновый батончик,низкокалорийный йогурт
замороженный смузи,м€та
индейка,гамбургер,замороженные овощи,гов€жий фарш,минеральна€ вода,торт
травы и перец,креветки,гов€жий фарш,минеральна€ вода,шоколад,низкокалорийный йогурт
травы и перец,минеральна€ вода,торт,низкокалорийный крем,морковь
печенье
печенье
€йца
макароны,курица
гамбургер,минеральна€ вода,сидр,бекон,€йца,торт,морковь,шоколад,зеленый чай
€йца
молоко,зеленый виноград,€йца,торт,картофель-фри,замороженный смузи,свежий хлеб
тертый сыр,минеральна€ вода,торт,курица,низкокалорийный йогурт
замороженные овощи,гов€жий фарш,минеральна€ вода,молоко,оливковое масло,€йца,растительное масло,курица,корм дл€ животных,шоколад
€йца,растительное масло,шоколад,картофельное пюре,грибной соус,творог,пирожные,блинчики
красное вино,минеральна€ вода,шампанское,грибной соус
помидоры,торт
минеральна€ вода,шоколад,эскалоп,низкокалорийный йогурт
торт
минеральна€ вода,курица,хлопь€
гамбургер,гов€жий фарш,минеральна€ вода,оливковое масло,€йца,соус дл€ барбекю
печенье
травы и перец,€йца
печенье
индейка,травы и перец,макароны,курица,блинчики,темный шоколад,хот-дог,зеленый чай
торт,зеленый чай,клубника
гамбургер,тертый сыр,французское вино,€йца,морковь,соль
замороженные овощи,шоколад
минеральна€ вода
гамбургер,тертый сыр,шампанское
гов€жий фарш,макароны,курица,блинчики
овощна€ смесь
макароны,шоколад,печенье,клубника,низкокалорийный йогурт
шоколад,красное вино,томатный соус,авокадо,энергетический батончик,масло,картофель-фри,соль
шоколад,печенье
минеральна€ вода,молоко
макароны,батат,рис,торт,низкокалорийный йогурт
эскалоп
макароны,минеральна€ вода
замороженный смузи,пирожные
шампанское
помидоры,торт,растительное масло
гамбургер,шоколад,макароны,минеральна€ вода,оливковое масло,блинчики,€йца,майонез
гов€жий фарш,минеральна€ вода,французское вино,кекс,шоколад,замороженный смузи
газированна€ вода,хлопь€,соль
замороженные овощи,молоко,сливочное масло,шоколад,картофель-фри
гов€жий фарш,€йца
печенье
травы и перец,помидоры,гов€жий фарш,минеральна€ вода,черный чай,эскалоп,протеиновый батончик
красное вино,гов€жий фарш,минеральна€ вода,молоко,рис,торт,эскалоп,йогурт,цукини
макароны,маффины,рис,картофель-фри,майонез,низкокалорийный йогурт
лук-шалот
помидоры,гов€жий фарш,лосось,€йца,жевательна€ резинка,картофель-фри,шампанское,низкокалорийный йогурт
низкокалорийный йогурт
индейка,замороженные овощи,гов€жий фарш,макароны,шоколад,оливковое масло,французское вино,кетчуп,замороженный смузи,низкокалорийный майонез,свежий хлеб
€йца,растительное масло,шоколад,эскалоп
гамбургер,картофель-фри
травы и перец,растительное масло,эскалоп,цукини
минеральна€ вода,молоко,рис,блинчики,низкокалорийный йогурт
минеральна€ вода,€йца,темный шоколад,блинчики
помидоры,минеральна€ вода,лосось,шоколад
ветчина,минеральна€ вода,€йца
красное вино,минеральна€ вода,обезжиренное молоко,маффины,кекс,хот-дог,цветна€ капуста
конфеты
макароны
гов€жий фарш,мед,рис
макароны,мед,морковь,картофель-фри,зеленый чай
креветки,помидоры,макароны,минеральна€ вода,лосось,шоколад
травы и перец
индейка,минеральна€ вода,молоко,лосось,зеленый чай,шоколад,эскалоп
свежий тунец,травы и перец,замороженные овощи,хлопь€
картофель-фри,эскалоп,энергетический напиток
эскалоп,низкокалорийный йогурт
картофель-фри,эскалоп
индейка,тертый сыр,травы и перец,томатный соус,макароны,черный чай,лосось,€йца,рис
тертый сыр
креветки,замороженные овощи,помидоры,макароны,суп,фрикадельки,сливочное масло,овощна€ смесь,рис,жевательна€ резинка,кукуруза,замороженный смузи,томатный сок
пармезан,макароны,минеральна€ вода,курица
макароны,минеральна€ вода,шоколад,блинчики,пирожные,низкокалорийный майонез,дын€,протеиновый батончик
гов€жий фарш,макароны,минеральна€ вода,молоко,оливковое масло,низкокалорийный крем,творог,зеленый чай
замороженные овощи
€йца
креветки,макароны
шоколад,травы и перец,макароны
замороженные овощи,оливковое масло,шоколад,картофель-фри,эскалоп,м€та
замороженные овощи,минеральна€ вода,кекс,цельнозернова€ мука,блинчики,низкокалорийный йогурт
макароны,французское вино,низкокалорийный йогурт
растительное масло,шампанское,эскалоп
тертый сыр,минеральна€ вода,шоколад,блинчики,растительное масло,низкокалорийный йогурт
индейка,красное вино,сливочное масло,бекон,€йца,торт,соус дл€ барбекю,кетчуп,корм дл€ животных,картофель-фри,соль,шампунь,зеленый чай
свежий тунец,шоколад,гов€жий фарш,перец,макароны,молоко,оливковое масло,миндаль,лосось,овощна€ смесь,маффины,низкокалорийный йогурт
шоколад
печенье
шпинат,€йца,рис
помидоры
макароны,минеральна€ вода,растительное масло
шоколад,замороженные овощи,гов€жий фарш,макароны,минеральна€ вода,авокадо,молоко,торт,низкокалорийный йогурт
помидоры,макароны,замороженный смузи
индейка,креветки,макароны,фрикадельки,молоко,оливковое масло,€йца,рис,морковь,баклажаны,чай
овощна€ смесь,маффины,шпинат
гов€жий фарш,перец,минеральна€ вода,суп,молоко,оливковое масло,черный чай,курица,чатни,обезжиренное молоко,€йца,пирожные
травы и перец
гамбургер,суп,белый сыр,торт
минеральна€ вода,обезжиренное молоко,€йца,морковь
травы и перец,гов€жий фарш,макароны,минеральна€ вода,молоко,оливковое масло,курица,хлопь€,свежий хлеб
тертый сыр,блинчики,картофель-фри
индейка,свежий тунец,замороженные овощи,молоко,чатни,обезжиренное молоко,газированна€ вода,растительное масло,замороженный смузи
€йца,баклажаны,печенье
печенье,низкокалорийный йогурт
бекон,€йца,картофель-фри,йогурт
€йца,замороженный смузи
гамбургер,миндаль,печенье
французское вино,зубна€ паста
индейка,минеральна€ вода,мед,растительное масло,эскалоп,протеиновый батончик,м€та
индейка,ветчина,минеральна€ вода,оливковое масло,сливочное масло,французское вино,зеленый чай,пирожные,свежий хлеб
шоколад,низкокалорийный йогурт
гамбургер,помидоры,минеральна€ вода,мед,средство от насекомых,рис,масло,курица,шоколад,картофель-фри,эскалоп
минеральна€ вода
креветки,блинчики,овс€на€ каша
тертый сыр
сем€ льна,растительное масло,замороженный смузи,печенье
рис,печенье
индейка,гамбургер,€йца,рис,картофель-фри,зеленый чай
блинчики,йогурт
гамбургер,гов€жий фарш,энергетический батончик,€йца,картофель-фри
макароны,минеральна€ вода,молоко,€йца,салат,томатный сок
тертый сыр,жевательна€ резинка,картофель-фри,мед
макароны,минеральна€ вода,суп,оливковое масло,лосось,черника,жевательна€ резинка,хот-дог,дын€
индейка,креветки,€йца,картофель-фри
травы и перец,гов€жий фарш,лосось,рис,шампанское
тертый сыр,масло,кекс,зеленый чай,картофель-фри,печенье,лук-шалот,низкокалорийный майонез,низкокалорийный йогурт
мед,шампанское,творог
авокадо
помидоры,гов€жий фарш,сливочное масло,сем€ льна,обезжиренное молоко,низкокалорийный майонез
гамбургер,замороженные овощи,минеральна€ вода,оливковое масло,сыр,картофель-фри
индейка,€йца,шоколад
шоколад,пармезан,гов€жий фарш,минеральна€ вода,блинчики,протеиновый батончик,низкокалорийный йогурт
макароны
майонез
тертый сыр,минеральна€ вода,шоколад,картофель-фри,свежий хлеб
энергетический батончик,низкокалорийный йогурт
шоколад,рис,дын€
индейка,минеральна€ вода,курица,йогурт
цельнозерновые макароны,макароны,молоко,оливковое масло,шоколад,пирожные,дын€
креветки,гов€жий фарш,макароны
печенье
печенье
замороженные овощи,суп
минеральна€ вода,рис,аксессуары,блинчики,томатный сок,м€та
минеральна€ вода,€йца,картофель-фри,печенье,макароны,зеленый чай
макароны,эскалоп,майонез
креветки,гов€жий фарш,макароны,минеральна€ вода
тертый сыр,травы и перец,гов€жий фарш,макароны,минеральна€ вода,сливочное масло,лосось,рис,темный шоколад,аксессуары,картофель-фри
травы и перец,макароны,оливковое масло,низкокалорийный йогурт
ветчина,помидоры,макароны,рис,черника,картофель-фри
печенье
минеральна€ вода,шоколад,€йца
чатни,шоколад,шампанское
креветки,замороженные овощи,перец,сливочное масло,м€тный зеленый чай,шоколад,картофель-фри,замороженный смузи,эскалоп,хот-дог,низкокалорийный йогурт
минеральна€ вода,шоколад
курица
шоколад,лосось,овощна€ смесь,зеленый виноград
креветки,замороженные овощи,макароны,минеральна€ вода,суп,€йца
гамбургер,шоколад,томатный соус,макароны,минеральна€ вода,оливковое масло,миндаль,блинчики,€йца,рис,растительное масло,картофель-фри,пирожные,батончик без глютена
минеральна€ вода,€йца
минеральна€ вода
€йца
тертый сыр,гов€жий фарш,минеральна€ вода,блинчики,рис,кетчуп,томатный сок,низкокалорийный йогурт
гов€жий фарш,перец,минеральна€ вода,оливковое масло,морковь
креветки,гов€жий фарш,макароны,минеральна€ вода,растительное масло,томатный сок
креветки,замороженные овощи,минеральна€ вода,молоко,оливковое масло
минеральна€ вода,фрикадельки
тертый сыр,травы и перец,макароны,оливковое масло,пирожные,клубника
креветки,макароны,шоколад,замороженный смузи,зеленый чай
индейка,помидоры,гов€жий фарш,макароны,суп,фрикадельки,сидр,чили,майонез
креветки,макароны,молоко
гамбургер,ветчина,тертый сыр,травы и перец,гов€жий фарш,макароны,сливочное масло,низкокалорийный крем,протеиновый батончик,зеленый чай
макароны,минеральна€ вода,молоко,€йца
перец,макароны,€йца,зеленый чай,йогурт
красное вино,авокадо,картофель-фри,замороженный смузи
индейка,суп,€йца,рис,соус дл€ барбекю,низкокалорийный майонез
печенье,мед
шоколад,печенье,шампанское
картофель-фри
индейка,макароны,шоколад,€йца,торт,масло
€йца,замороженный смузи
лосось,€йца
макароны,суп,растительное масло
тертый сыр,красное вино,замороженные овощи,помидоры,макароны,оливковое масло,энергетический батончик,мед
картофель-фри
гамбургер,€йца,торт,шоколад
минеральна€ вода,оливковое масло,блинчики,мед,конфеты
низкокалорийный йогурт
зеленый чай
красное вино,гов€жий фарш,макароны,минеральна€ вода,миндаль
индейка,помидоры,макароны,минеральна€ вода,лосось
гамбургер,замороженные овощи,макароны,энергетический батончик,белый сыр,€йца,картофель-фри,клубника
минеральна€ вода,фрикадельки,средство от насекомых,курица,картофель-фри,творог,пирожные
макароны,минеральна€ вода,шоколад
зеленый чай
тертый сыр,минеральна€ вода,чатни,лосось,хлопь€
тертый сыр,картофель-фри
травы и перец,красное вино,макароны,миндаль
минеральна€ вода,эскалоп
картофель-фри
печенье
травы и перец,цельнозерновые макароны,гов€жий фарш,перец,низкокалорийный крем,соус дл€ барбекю,картофель-фри,эскалоп,хот-дог,газированна€ вода
индейка,солень€,шоколад,макароны,минеральна€ вода,суп,низкокалорийный крем,рис,хот-дог
макароны
макароны,минеральна€ вода,суп,молоко,курица,торт,хот-дог
гов€жий фарш,минеральна€ вода,блинчики,салат,низкокалорийный йогурт
помидоры,картофель-фри,эскалоп,печенье,пирожные,блинчики
гамбургер,тертый сыр,замороженные овощи,гов€жий фарш,томатный соус,минеральна€ вода,суп,молоко,оливковое масло,клубника,детска€ еда,низкокалорийный йогурт
макароны,шоколад,картофель-фри,эскалоп,макароны,картофельное пюре,батончик без глютена,томатный сок,низкокалорийный йогурт
тертый сыр
ветчина,минеральна€ вода,миндаль,рис,торт,замороженный смузи,низкокалорийный йогурт
тертый сыр,макароны,минеральна€ вода,шоколад,оливковое масло,французское вино,хлопь€,€годный сок,зеленый чай,макароны,свежий хлеб,белое вино,цветна€ капуста
авокадо,€йца,свежий хлеб,низкокалорийный йогурт,зеленый чай
макароны,курица,растительное масло,зелена€ фасоль,эскалоп
сем€ льна,€йца,рис,зеленый чай,шоколад,картофель-фри
маффины,рис
шоколад,минеральна€ вода,овощна€ смесь,блинчики,рис,кетчуп,аксессуары,шампанское,свежий хлеб
гов€жий фарш,минеральна€ вода,сем€ льна,лосось,€йца,мед
красное вино
сливочное масло,маффины,шоколад,картофель-фри,зеленый чай
индейка,гамбургер,шоколад,креветки,гов€жий фарш,макароны,лосось,рис,низкокалорийный йогурт
торт,картофель-фри
макароны,€йца,эскалоп
перец,макароны,картофель-фри,замороженный смузи
торт,печенье,детска€ еда,низкокалорийный йогурт
креветки,гов€жий фарш,минеральна€ вода,молоко,оливковое масло,сем€ льна,€йца,низкокалорийный крем,творог
красное вино
минеральна€ вода,мед,низкокалорийный крем,курица,м€та
зеленый чай
креветки,гов€жий фарш,растительное масло,шампанское,творог,пирожные
креветки,гов€жий фарш,томатный соус,макароны,шоколад,оливковое масло,бекон,картофельное пюре,пирожные
шоколад,молоко,оливковое масло,зеленый виноград,картофель-фри,м€та
эскалоп
йогурт
макароны,минеральна€ вода,молоко
тертый сыр,гов€жий фарш,минеральна€ вода,сливочное масло,овощна€ смесь,протеиновый батончик,зеленый чай
минеральна€ вода
травы и перец,замороженные овощи,помидоры,гов€жий фарш,макароны,минеральна€ вода,молоко,оливковое масло,бекон
гамбургер,ветчина,замороженные овощи,€йца,растительное масло,шоколад,эскалоп,томатный сок,зеленый чай
гов€жий фарш,томатный соус,макароны,минеральна€ вода,фрикадельки,оливковое масло,зеленый чай
индейка,травы и перец,макароны,оливковое масло,темный шоколад,хлопь€,блинчики,мед
картофель-фри
гов€жий фарш,томатный соус,минеральна€ вода,шоколад,суп,€йца,картофель-фри,блинчики,низкокалорийный майонез
гамбургер,минеральна€ вода,жевательна€ резинка,низкокалорийный крем,замороженный смузи,свежий хлеб
торт,картофель-фри,печенье,шампанское,низкокалорийный йогурт
гамбургер,креветки,помидоры,минеральна€ вода,авокадо,блинчики,рис,растительное масло,йогурт
молоко,€йца
помидоры,гов€жий фарш,макароны,минеральна€ вода,шоколад,оливковое масло,миндаль,блинчики,чили,зеленый чай,протеиновый батончик
свежий тунец,шоколад,креветки,макароны,минеральна€ вода,молоко,оливковое масло,эскалоп,блинчики,протеиновый батончик,м€та
ветчина,минеральна€ вода,авокадо,черный чай,овощна€ смесь,€йца,шампанское,творог,блинчики,энергетический напиток
макароны,шоколад,замороженный смузи,хот-дог,блинчики
ветчина,шоколад,креветки,макароны,минеральна€ вода,молоко,лосось,мед,свежий хлеб
€йца
шоколад,красное вино,пармезан,макароны,оливковое масло,рис,печенье,сэндвич,цукини
гамбургер,гов€жий фарш,минеральна€ вода,молоко
печенье
молоко
шоколад,красное вино,макароны,лосось,€йца,торт
красное вино,зеленый чай
минеральна€ вода,суп,торт
индейка,помидоры,минеральна€ вода,картофель-фри
низкокалорийный йогурт
минеральна€ вода,бекон,картофель-фри,низкокалорийный йогурт
€йца,печенье
макароны,минеральна€ вода,молоко,оливковое масло,€йца,пирожные,дын€
гамбургер,шоколад
печенье
замороженные овощи,цельнозерновые макароны,гов€жий фарш,макароны,минеральна€ вода,курица,овощна€ смесь,мед,картофель-фри,хот-дог,свежий хлеб,зеленый чай
сем€ льна,картофель-фри
растительное масло,творог,зубна€ паста
минеральна€ вода,€годный сок
молоко,шоколад,печенье,свежий хлеб
белый сыр,€йца,картофель-фри,цукини
пармезан,€йца,торт,эскалоп
печенье
картофель-фри
минеральна€ вода,€йца,низкокалорийный йогурт
гамбургер,макароны,минеральна€ вода,молоко,крем,лосось,шпинат,черника,рис,хлопь€,шампанское,замороженный смузи,эскалоп,хот-дог,йогурт
тертый сыр,энергетический батончик,мед
тертый сыр,помидоры,гов€жий фарш,суп,молоко,оливковое масло,сливочное масло,блинчики,средство от насекомых,растительное масло,кетчуп
индейка,травы и перец,жевательна€ резинка
макароны,свежий хлеб
оливковое масло
французское вино,средство от насекомых,зелена€ фасоль
тертый сыр,красное вино,макароны,минеральна€ вода,рис,растительное масло,шоколад,эскалоп,цукини
креветки,цельнозерновые макароны,суп,молоко,картофель-фри
гамбургер,м€та
креветки,макароны,овощна€ смесь,блинчики,замороженный смузи,м€та
макароны,чатни
корм дл€ животных,творог,йогурт,журнал,майонез
гамбургер,гов€жий фарш,маффины,мед,средство от насекомых
индейка,помидоры,французское вино,шоколад,блинчики
шоколад,цукини
макароны,низкокалорийный йогурт
шоколад,индейка,креветки,замороженные овощи,цельнозерновые макароны,перец,минеральна€ вода,молоко,оливковое масло,€йца,торт,растительное масло,хлопь€,картофель-фри,м€та
шоколад,макароны,авокадо,картофель-фри
помидоры,минеральна€ вода,молоко,сыр,блинчики,хот-дог,конфеты
гамбургер,шоколад,тертый сыр,гов€жий фарш,макароны,минеральна€ вода,€йца,замороженный смузи,печенье
свежий тунец,травы и перец,макароны,молоко,баклажаны
макароны
гамбургер,креветки,макароны
замороженные овощи,макароны,минеральна€ вода,авокадо,шоколад,картофель-фри,печенье,дын€
свежий тунец,замороженные овощи,низкокалорийный йогурт
замороженные овощи,€йца,блинчики,батончик без глютена,низкокалорийный йогурт
печенье
курица,шампанское,низкокалорийный йогурт
шоколад,картофель-фри
минеральна€ вода,молоко,эскалоп
помидоры,макароны,фрикадельки,сыр,лосось,мед,курица,зеленый чай
€йца,зеленый чай,хот-дог,творог,пирожные
минеральна€ вода,оливковое масло,блинчики,шоколад,картофель-фри,йогурт,м€та
красное вино,цельнозерновые макароны,макароны
картофель-фри,низкокалорийный майонез
оливковое масло,творог,свежий хлеб,м€та
гамбургер,макароны,лук-шалот,грибной соус
перец,макароны
гамбургер,травы и перец,креветки,замороженные овощи,цельнозерновые макароны,гов€жий фарш,минеральна€ вода,мед,рис,замороженный смузи,эскалоп,журнал
гов€жий фарш,макароны,минеральна€ вода,торт,журнал,зеленый чай
минеральна€ вода,суп,картофель-фри,м€та,зеленый чай
индейка,ветчина,травы и перец,макароны,лосось,мед,торт,чили,морковь,хлопь€,картофель-фри
сливочное масло,шоколад,клубника,журнал,зеленый чай
лосось,картофель-фри
помидоры,овощна€ смесь,маффины,замороженный смузи
замороженные овощи,гов€жий фарш,блинчики
ветчина,гамбургер,креветки,минеральна€ вода,масло,чили
макароны,мед,картофель-фри,эскалоп
гов€жий фарш,макароны,сэндвич,газированна€ вода,зеленый чай
картофель-фри
растительное масло,картофель-фри
индейка,травы и перец,помидоры,гов€жий фарш,макароны,суп,молоко,растительное масло,курица
блинчики,торт
сем€ льна,торт,салат,зеленый чай
печенье,зеленый чай
индейка,ветчина,тертый сыр,креветки,молоко,оливковое масло,лосось,шпинат,картофель-фри,мед
тертый сыр,замороженные овощи,молоко,курица,шоколад
минеральна€ вода
замороженные овощи,минеральна€ вода,энергетический батончик,€йца
тертый сыр,замороженные овощи,молоко,мед,замороженный смузи
гов€жий фарш,макароны,йогурт
креветки,картофель-фри,шампанское
майонез
помидоры
свежий тунец,помидоры,молоко,овощна€ смесь,шоколад,картофель-фри,свежий хлеб
пирожные,низкокалорийный йогурт
энергетический батончик,сливочное масло,газированна€ вода,шампанское
энергетический батончик
креветки,помидоры,цельнозерновые макароны,обезжиренное молоко,мед,торт,творог,пирожные,энергетический напиток,низкокалорийный йогурт
маффины,мед,грибной соус,хот-дог,блинчики,йогурт,шампунь
хот-дог,блинчики
€йца
мед,рис
замороженные овощи,помидоры,цельнозерновые макароны,маффины,мед
блинчики
минеральна€ вода,лосось,торт,спаржа
молоко
зеленый чай,грибной соус
картофель-фри
фрикадельки,французское вино,м€тный зеленый чай
тертый сыр,гов€жий фарш,макароны,торт
сем€ льна,€йца,зеленый чай,шоколад,картофель-фри,шампанское,дезодорант
курица,зеленый чай
индейка,гамбургер,перец,макароны,суп,авокадо,сем€ льна,черный чай,€йца,торт,ежевика,картофель-фри,картофельное пюре,йогурт,зеленый чай
гамбургер,батат,молоко,€йца,дын€
шоколад
гамбургер,травы и перец,замороженные овощи,гов€жий фарш,макароны,минеральна€ вода,рис,низкокалорийный йогурт
хот-дог
перец,минеральна€ вода,печенье,томатный сок,зеленый чай
замороженные овощи,минеральна€ вода,молоко,маффины,шоколад,картофель-фри,томатный сок,свежий хлеб
чили,зелена€ фасоль
минеральна€ вода
шоколад,картофель-фри,салат
макароны,минеральна€ вода,рис
картофель-фри,эскалоп,макароны
индейка,макароны
блинчики,торт,томатный сок
чатни,эскалоп
шоколад,французское вино,мед,блинчики,низкокалорийный майонез
минеральна€ вода,курица,черника,свежий хлеб,белое вино,журнал
торт
замороженные овощи,масло
шампанское,печенье
макароны
гов€жий фарш,эскалоп,блинчики
свежий тунец,замороженные овощи,аксессуары,картофель-фри,печенье
€йца
торт,картофель-фри
замороженный смузи
клубника
гамбургер,гов€жий фарш,батат,молоко,шпинат,рис,картофель-фри,низкокалорийный майонез
макароны,сем€ льна,зеленый чай,протеиновый батончик
минеральна€ вода,торт
гов€жий фарш,перец,макароны,минеральна€ вода
маффины,мед
печенье
замороженные овощи,макароны,молоко,клубника
креветки,макароны,батат,молоко,растительное масло,курица,темный шоколад,зубна€ паста
йогурт,конфеты
низкокалорийный майонез
растительное масло,морковь,зеленый чай,эскалоп,батончик без глютена
макароны,овощна€ смесь,блинчики
замороженные овощи,макароны,низкокалорийный йогурт
замороженные овощи,макароны,молоко
йогурт
индейка,гамбургер,замороженные овощи,минеральна€ вода,молоко,оливковое масло,мед,низкокалорийный крем,масло,картофель-фри,томатный сок
шампанское,пирожные,низкокалорийный майонез
замороженные овощи,пармезан,макароны,суп,энергетический батончик,торт
свежий тунец,минеральна€ вода,мед,эскалоп
макароны,черный чай,овощна€ смесь,рис,баклажаны
замороженные овощи,гов€жий фарш,макароны,суп,молоко,оливковое масло,курица,растительное масло,шоколад,низкокалорийный йогурт
печенье
травы и перец
красное вино,минеральна€ вода,зеленый чай
минеральна€ вода,авокадо,энергетический батончик,протеиновый батончик,цукини
солень€,травы и перец,креветки,молоко,шпинат,торт,чили,зеленый чай,низкокалорийный майонез
макароны,молоко,мед
креветки,макароны,сливочное масло,€йца,низкокалорийный крем
гамбургер,макароны,€йца,замороженный смузи
гамбургер,молоко,€йца
тертый сыр,низкокалорийный йогурт
цельнозерновые макароны,макароны,молоко,растительное масло,соус дл€ барбекю,замороженный смузи,протеиновый батончик
рис
макароны,батончик без глютена
макароны,суп,чили,баклажаны
индейка,гамбургер,тертый сыр,помидоры,перец,минеральна€ вода,блинчики,рис,томатный сок,низкокалорийный йогурт,мед
гамбургер
сливочное масло,рис,соус дл€ барбекю,зеленый чай,картофель-фри,соль
минеральна€ вода,шоколад
шампанское,свежий хлеб
десертное вино,авокадо,блинчики,картофель-фри,спаржа,зеленый чай
€годный сок,шоколад,картофель-фри,лук-шалот
минеральна€ вода,оливковое масло,курица,картофель-фри
шоколад,макароны
авокадо,творог
тертый сыр,травы и перец,картофель-фри,печенье
травы и перец,гов€жий фарш,батат,минеральна€ вода,€йца,торт,масло,шоколад,картофель-фри,печенье
картофель-фри,протеиновый батончик
€годный сок,зеленый чай,эскалоп
гов€жий фарш,оливковое масло
замороженные овощи,помидоры,минеральна€ вода,молоко,овощна€ смесь,€йца,картофель-фри,низкокалорийный майонез,цветна€ капуста
шоколад,гов€жий фарш,макароны,минеральна€ вода,лосось,€йца,растительное масло,картофель-фри
картофель-фри,шампанское
шоколад,гов€жий фарш
замороженные овощи,молоко,энергетический батончик,сливочное масло,замороженный смузи,томатный сок
энергетический батончик,энергетический напиток
перец
минеральна€ вода,эскалоп,картофельное пюре
шоколад,картофель-фри
замороженные овощи,молоко,зеленый виноград,блинчики,чай
креветки,шоколад,белое вино
жевательна€ резинка,эскалоп,макароны
замороженные овощи,макароны,суп,авокадо,миндаль,мед,картофель-фри,замороженный смузи
красное вино,креветки,замороженные овощи,минеральна€ вода,молоко,рис,свежий хлеб,зеленый чай
гамбургер,красное вино,минеральна€ вода,авокадо,€йца,йогурт,протеиновый батончик
замороженные овощи,макароны,торт,творог,пирожные,блинчики,энергетический напиток,зеленый чай
суп
замороженные овощи,молоко,€йца
замороженные овощи,макароны,морковь
минеральна€ вода,оливковое масло,торт,хот-дог,творог,клубника
газированна€ вода
курица,сидр
€йца,энергетический напиток
ветчина,замороженные овощи,макароны,низкокалорийный майонез
рис,кекс,€годный сок
картофель-фри
индейка,гамбургер,минеральна€ вода,клубника
ветчина,шоколад,гов€жий фарш,макароны,минеральна€ вода,оливковое масло,€йца,спаржа,свежий хлеб,майонез
минеральна€ вода
гамбургер,красное вино,батат,минеральна€ вода,белый сыр,лосось,€йца,мед,чай,творог,журнал,конфеты
томатный соус,макароны,миндаль,курица,средство от насекомых,масло,растительное масло,замороженный смузи,эскалоп,клубника,томатный сок
минеральна€ вода,фрикадельки
макароны
рис,овс€на€ каша,замороженный смузи
оливковое масло
макароны,темный шоколад,свежий хлеб
тертый сыр,замороженные овощи,минеральна€ вода,€йца,блинчики,низкокалорийный йогурт
минеральна€ вода,шоколад
пармезан,гов€жий фарш,минеральна€ вода,суп,оливковое масло,овс€на€ каша
десертное вино,тертый сыр,креветки,макароны,молоко,шампанское
€йца
креветки,замороженные овощи,перец,минеральна€ вода,блинчики,хлопь€
гамбургер,минеральна€ вода
торт,овс€на€ каша
энергетический батончик,шоколад,творог
энергетический батончик,рис,торт,картофель-фри,низкокалорийный йогурт,зеленый чай
макароны,минеральна€ вода,рис,хлопь€,клубника,свежий хлеб
замороженные овощи,батат,миндаль
травы и перец,гов€жий фарш,мед,картофель-фри
зеленый виноград,растительное масло,картофель-фри,зеленый чай
картофель-фри
тертый сыр,шоколад,картофель-фри,эскалоп
€йца,шоколад,шампунь,зеленый чай
блинчики,хот-дог,газированна€ вода,свежий хлеб
минеральна€ вода,овс€на€ каша,баклажаны,пирожные
низкокалорийный майонез
тертый сыр,макароны,суп,оливковое масло,рис,масло,курица,кетчуп,хот-дог
индейка,ветчина,помидоры,маффины,рис,морковь,овс€на€ каша,баклажаны,макароны,пирожные,низкокалорийный йогурт
свежий тунец,сливочное масло
хот-дог
минеральна€ вода,дезодорант
печенье
низкокалорийный йогурт
французское вино,€йца,курица,низкокалорийный майонез
замороженные овощи,гов€жий фарш,минеральна€ вода,шоколад,блинчики
молоко,растительное масло,замороженный смузи,зеленый чай
замороженные овощи,минеральна€ вода,белый сыр,рис,низкокалорийный крем,курица,кекс,€годный сок
минеральна€ вода,молоко
маффины,печенье
эскалоп
креветки,низкокалорийный йогурт
красное вино,креветки,минеральна€ вода,шоколад,молоко,хлопь€,томатный сок,зеленый чай
обезжиренное молоко,курица,дезодорант,батончик без глютена,низкокалорийный майонез,мед
лосось
замороженные овощи,минеральна€ вода,картофель-фри,грибной соус
креветки,перец,молоко,миндаль,€йца,эскалоп,зеленый чай
гамбургер,макароны,суп,молоко,черный чай,рис,замороженный смузи,клубника
оливковое масло,лосось,томатный сок
гамбургер,батат,минеральна€ вода,авокадо,энергетический батончик,лосось,блинчики,рис,торт,растительное масло,соус дл€ барбекю,зеленый чай,картофель-фри,эскалоп
молоко,энергетический батончик,овощна€ смесь,творог
торт,картофель-фри
тертый сыр,мед,свежий хлеб
суп,аксессуары,эскалоп
гамбургер,€йца,картофель-фри
гамбургер,€йца,замороженный смузи
цельнозерновые макароны,торт,дын€,зеленый чай
гов€жий фарш,томатный соус,макароны,низкокалорийный майонез,дын€,зеленый чай
€йца
блинчики,картофель-фри,дезодорант
суп,€йца,творог
томатный сок
сидр,€йца,баклажаны
цельнозерновые макароны,молоко,шампанское,печенье,макароны,дезодорант
зеленый чай,картофель-фри
макароны,минеральна€ вода,€йца
индейка,макароны,минеральна€ вода,зеленый чай,томатный сок
гамбургер,креветки,минеральна€ вода,торт,шоколад,картофель-фри,эскалоп,печенье
маффины
индейка,черный чай,€йца,печенье
авокадо,замороженный смузи,творог,пирожные
свежий тунец
жевательна€ резинка,творог,пирожные,протеиновый батончик,низкокалорийный йогурт,зеленый чай
минеральна€ вода,оливковое масло
гов€жий фарш,молоко,хлопь€,зеленый чай,журнал
травы и перец,€йца,печенье,свежий хлеб
креветки,помидоры,мед,рис,торт,пирожные
креветки
шоколад
тертый сыр,макароны,минеральна€ вода,молоко,обезжиренное молоко,€йца,черника,низкокалорийный крем,курица,шоколад,картофель-фри
индейка,минеральна€ вода,соус дл€ барбекю,клубника
цельнозерновые макароны,гов€жий фарш,минеральна€ вода
эскалоп,макароны
свежий тунец,молоко,журнал
минеральна€ вода,растительное масло
зеленый чай
шоколад,травы и перец,замороженные овощи,цельнозерновые макароны,лосось,газированна€ вода,белое вино
индейка,€йца,блинчики
травы и перец,шоколад
печенье
€йца
минеральна€ вода,картофель-фри
помидоры,минеральна€ вода
картофель-фри
эскалоп
индейка,€йца,картофель-фри,энергетический напиток
гамбургер
макароны
картофель-фри,дын€
перец,минеральна€ вода,блинчики,курица,томатный сок
гов€жий фарш,макароны,молоко,белый сыр,морковь,низкокалорийный йогурт
макароны
клубника,йогурт
замороженный смузи
тертый сыр,цельнозерновые макароны,перец
авокадо,сидр,торт,картофель-фри,дын€
низкокалорийный крем,курица
замороженные овощи,помидоры,минеральна€ вода
помидоры,цельнозерновые макароны,молоко
молоко,растительное масло
маффины
торт
минеральна€ вода,хлопь€
креветки,батат,молоко,шампанское,творог
перец,оливковое масло,зеленый чай,замороженный смузи,цукини
цельнозерновые макароны,шоколад,блинчики,картофель-фри,грибной соус
замороженные овощи
шоколад,шампанское
минеральна€ вода,растительное масло
сливочное масло
тертый сыр,минеральна€ вода,мед,торт,цельнозернова€ мука,салат
торт,картофель-фри
макароны,минеральна€ вода,французское вино,творог,томатный сок
овощна€ смесь,картофель-фри
гов€жий фарш,минеральна€ вода,суп
картофель-фри
шоколад,гов€жий фарш,томатный соус,макароны,печенье,лук-шалот,зеленый чай
авокадо,овощна€ смесь,картофель-фри,дын€
гамбургер,энергетический напиток
макароны,минеральна€ вода,молоко,энергетический батончик,французское вино,замороженный смузи
картофель-фри,замороженный смузи
травы и перец,хлопь€,низкокалорийный йогурт
цельнозерновые макароны,батат,молоко,€йца,шампанское
свежий тунец,минеральна€ вода,€йца,шоколад,шампанское
креветки,оливковое масло
цельнозерновые макароны,оливковое масло,блинчики
ветчина,шоколад,макароны,минеральна€ вода
зеленый чай,картофель-фри,печенье
творог
минеральна€ вода,энергетический батончик,рис,торт,йогурт
гов€жий фарш,минеральна€ вода,молоко,рис,торт,йогурт,низкокалорийный майонез
тертый сыр,гов€жий фарш,рис,сэндвич,томатный сок,низкокалорийный йогурт,зеленый чай,мед
молоко,блинчики
картофель-фри
индейка,гамбургер,рис,баклажаны,шоколад,печенье,зубна€ паста
конфеты
замороженные овощи,авокадо,черный чай,рис,зеленый чай
шоколад,молоко,курица,сыр,растительное масло,зелена€ фасоль,картофель-фри,низкокалорийный майонез,томатный сок,белое вино
картофель-фри,эскалоп,зеленый чай
гамбургер,минеральна€ вода,печенье
креветки,гов€жий фарш,макароны,маффины
торт
французское вино,рис,зелена€ фасоль,баклажаны,картофель-фри
суп,низкокалорийный крем,печенье
цельнозерновые макароны,оливковое масло,зеленый чай,шоколад,картофель-фри,шампанское,хот-дог,томатный сок
хлопь€,печенье,йогурт,томатный сок,свежий хлеб,зеленый чай
шоколад
картофель-фри,цукини
замороженный смузи,томатный сок,свежий хлеб
рис
креветки,гов€жий фарш,минеральна€ вода,суп
оливковое масло,лосось,низкокалорийный йогурт
молоко,миндаль,овощна€ смесь
шоколад,макароны
конфеты
гамбургер,креветки,замороженные овощи,помидоры,пармезан,шоколад,картофель-фри,эскалоп,дезодорант
замороженные овощи,соус дл€ барбекю,кекс
минеральна€ вода,растительное масло,картофель-фри,свежий хлеб,конфеты
шоколад,суп
креветки,замороженные овощи,помидоры,сливочное масло,обезжиренное молоко,картофель-фри,замороженный смузи,томатный сок,свежий хлеб
тертый сыр
обезжиренное молоко
травы и перец
макароны,сливочное масло,зелена€ фасоль,шоколад,дезодорант,зеленый чай
энергетический батончик
тертый сыр
низкокалорийный майонез,конфеты
минеральна€ вода
макароны,лосось,блинчики,картофель-фри,печенье,макароны,зеленый чай
зеленый чай
картофель-фри,протеиновый батончик
замороженные овощи,молоко,картофель-фри,низкокалорийный йогурт,зеленый чай
свежий тунец,гов€жий фарш,перец,томатный соус,курица,газированна€ вода,м€та
гамбургер,шампанское,печенье,пирожные,зеленый чай
белое вино
макароны,€йца,шампанское
жевательна€ резинка,эскалоп,макароны,низкокалорийный майонез
гамбургер,замороженные овощи,гов€жий фарш,макароны,суп,молоко,миндаль,курица,сыр,лосось,блинчики,шоколад
креветки,€йца,энергетический напиток
эскалоп
картофель-фри,шампанское,низкокалорийный майонез
торт,творог,пирожные,свежий хлеб
эскалоп
йогурт
картофель-фри,замороженный смузи
шампанское
дын€
молоко,энергетический напиток
индейка,замороженные овощи,минеральна€ вода,курица,€йца,€годный сок,шоколад,свежий хлеб,белое вино,зеленый чай
индейка,перец,морковь
батат
гов€жий фарш,молоко,оливковое масло,энергетический батончик,французское вино,курица,картофель-фри,шампанское,замороженный смузи,лук-шалот,йогурт,зеленый чай
торт
индейка,батат,черный чай,картофель-фри
минеральна€ вода,шоколад,рис,торт,цельнозернова€ мука,картофель-фри,низкокалорийный йогурт
креветки,замороженные овощи
травы и перец,минеральна€ вода,мед
индейка,гамбургер,гов€жий фарш,макароны,молоко,сливочное масло,мед,творог,блинчики,энергетический напиток,низкокалорийный майонез
авокадо,эскалоп,низкокалорийный майонез
авокадо,торт,печенье
макароны,минеральна€ вода,молоко,шоколад,лук-шалот
энергетический батончик,хлопь€,соль,свежий хлеб,зеленый чай
индейка,креветки,пармезан,€йца,торт,замороженный смузи,блинчики,низкокалорийный майонез,зеленый чай
креветки,пармезан,оливковое масло,низкокалорийный крем,растительное масло,курица,чили,темный шоколад,творог,пирожные,блинчики,энергетический напиток,соль,салат,журнал
торт,дезодорант
молоко,шоколад,энергетический напиток
минеральна€ вода,рис,картофель-фри
гамбургер,тертый сыр,креветки,шоколад,картофель-фри,шампанское,печенье,грибной соус
помидоры,макароны,овощна€ смесь
гамбургер,мед
шоколад
солень€
макароны
блинчики
картофель-фри
шоколад,креветки,замороженные овощи,помидоры,минеральна€ вода,мед
картофель-фри,энергетический напиток
минеральна€ вода,жевательна€ резинка,газированна€ вода,картофель-фри,печенье
€йца
печенье
эскалоп
креветки,минеральна€ вода,молоко,блинчики,клубника
свежий хлеб
травы и перец,замороженные овощи,минеральна€ вода,энергетический батончик,лосось
печенье
свежий тунец,гов€жий фарш,минеральна€ вода,шоколад,оливковое масло,французское вино,€йца
индейка,ветчина,тертый сыр,травы и перец,цельнозерновые макароны,макароны,минеральна€ вода,блинчики,корм дл€ животных,зеленый чай
молоко,черный чай,€йца,энергетический напиток
индейка,травы и перец,гов€жий фарш,минеральна€ вода
минеральна€ вода
молоко,курица,темный шоколад,замороженный смузи,низкокалорийный йогурт
шоколад,макароны,минеральна€ вода,лосось,€йца,торт
минеральна€ вода,блинчики,шоколад,картофель-фри,зеленый чай
гамбургер,тертый сыр,макароны,минеральна€ вода,зеленый чай
креветки,цельнозерновые макароны,макароны,минеральна€ вода,авокадо,оливковое масло,курица,шоколад
замороженные овощи,макароны,молоко
€йца
сливочное масло,томатный сок,свежий хлеб,журнал
низкокалорийный майонез
помидоры,шоколад,шампанское,низкокалорийный йогурт
минеральна€ вода,молоко,соус дл€ барбекю,шоколад,низкокалорийный йогурт
гамбургер,ветчина,рис,шоколад,картофель-фри,печенье,зеленый чай
креветки,макароны,баклажаны,шоколад
€йца
минеральна€ вода,молоко,зеленый чай
оливковое масло,€йца
креветки,замороженные овощи,мед,замороженный смузи,свежий хлеб,зеленый чай
фрикадельки,средство от насекомых,соус дл€ гамбургеров,хлопь€
индейка,травы и перец,макароны,минеральна€ вода,блинчики,€йца
индейка,фрикадельки,€йца,зеленый чай
шоколад,картофель-фри
тертый сыр,томатный сок
маффины,рис,шоколад,картофель-фри
свежий тунец,макароны,овощна€ смесь,рис,морковь,картофель-фри,шампанское,низкокалорийный майонез
фрикадельки,оливковое масло,аксессуары,зеленый чай,картофель-фри,низкокалорийный йогурт
индейка
тертый сыр,рис,шоколад,картофель-фри
гамбургер,тертый сыр,замороженные овощи,макароны,молоко,лосось,€йца,шоколад
минеральна€ вода
макароны,€йца
гамбургер,макароны,€йца,печенье,зеленый чай
€йца,шоколад,печенье,низкокалорийный йогурт
молоко
гов€жий фарш,батат,торт
€йца,картофель-фри
томатный соус,батат
макароны,минеральна€ вода,торт,пирожные,энергетический напиток,зеленый чай
помидоры,минеральна€ вода,суп,молоко,оливковое масло,€йца,масло,растительное масло,соус дл€ барбекю,зубна€ паста,низкокалорийный йогурт
тертый сыр,гов€жий фарш,макароны
картофель-фри
макароны
картофельное пюре
зеленый чай
макароны,минеральна€ вода
травы и перец,креветки,рис,аксессуары,картофель-фри,замороженный смузи,белое вино,зеленый чай
гов€жий фарш
индейка
индейка,макароны,минеральна€ вода,суп,обезжиренное молоко,блинчики,растительное масло,чай,эскалоп,печенье
маффины,зеленый виноград
торт,картофель-фри
шоколад
темный шоколад,картофель-фри,зеленый чай
цельнозерновые макароны,макароны
€годный сок
шампанское
гамбургер,травы и перец,помидоры,минеральна€ вода,курица,мед,рис,дын€,томатный сок
оливковое масло,чатни,йогурт
блинчики
тертый сыр,гов€жий фарш,энергетический батончик,мед,курица
€йца
индейка,минеральна€ вода,молоко,лосось,€йца,протеиновый батончик
хот-дог,низкокалорийный йогурт,конфеты
конфеты
конфеты
картофель-фри,печенье
эскалоп,печенье
овощна€ смесь,картофель-фри
креветки,авокадо,дын€
блинчики,рис,замороженный смузи,пирожные
замороженные овощи,молоко,шоколад,картофель-фри,энергетический напиток
дын€
пармезан,минеральна€ вода,маффины,шоколад,блинчики
зеленый чай
жевательна€ резинка
замороженные овощи,фрикадельки,блинчики,€йца,шоколад,картофель-фри,замороженный смузи
дын€
хот-дог,энергетический напиток,свежий хлеб,низкокалорийный йогурт
креветки,энергетический напиток
€йца,печенье,зеленый чай,мед
маффины,картофель-фри
гамбургер,€йца
молоко,картофель-фри
торт,картофель-фри,энергетический напиток
красное вино,макароны,€йца,м€тный зеленый чай,томатный сок
перец,макароны,сыр,шоколад,зеленый чай
оливковое масло,лосось
низкокалорийный йогурт
макароны,черника,шоколад,эскалоп
десертное вино,минеральна€ вода,молоко,шпинат,блинчики,€йца,шампанское
€йца,рис,эскалоп
печенье,зеленый чай
эскалоп,низкокалорийный йогурт
овощна€ смесь
м€та,зеленый чай
тертый сыр,замороженные овощи,пирожные,низкокалорийный йогурт
цельнозерновые макароны,хот-дог
гамбургер,травы и перец,гов€жий фарш,макароны,суп,хлопь€,картофель-фри,пирожные
мед,жевательна€ резинка,картофель-фри
зеленый чай
курица,€йца,картофель-фри,клубника
цельнозерновые макароны,картофель-фри
замороженные овощи
овощна€ смесь
маффины,цветна€ капуста
индейка,€йца,блинчики
€йца
замороженный смузи,блинчики
энергетический батончик,курица,€йца
цельнозерновые макароны,минеральна€ вода,оливковое масло,энергетический батончик,замороженный смузи,низкокалорийный йогурт
замороженный смузи
гамбургер,картофель-фри,эскалоп,макароны,грибной соус
замороженные овощи,картофель-фри
картофель-фри
солень€,курица,шоколад,энергетический напиток,зеленый чай
средство от насекомых
цельнозерновые макароны,молоко,энергетический батончик,сливочное масло,блинчики,€йца,соус дл€ барбекю
ежевика
свежий тунец,€йца,эскалоп
йогурт,низкокалорийный йогурт
минеральна€ вода,оливковое масло,м€та
торт
пармезан,цельнозерновые макароны,€годный сок,м€та
м€та
макароны,минеральна€ вода,суп
гов€жий фарш,макароны
картофель-фри
эскалоп
€йца,шампанское
пармезан,цельнозерновые макароны,гов€жий фарш,макароны,батат,суп,молоко,рис,торт
замороженные овощи,авокадо,сливочное масло,курица,лосось,рис,шампанское
креветки,зеленый чай
шоколад,минеральна€ вода
креветки,замороженные овощи,гов€жий фарш,макароны,минеральна€ вода,сыр,зелена€ фасоль
спаржа
печенье
шампанское
протеиновый батончик,свежий хлеб
йогурт
помидоры,минеральна€ вода,лосось,свежий хлеб,зубна€ паста
тертый сыр,чатни,€йца
тертый сыр,томатный соус,минеральна€ вода,молоко,оливковое масло,лосось,масло,лук-шалот
хлопь€,€годный сок,хот-дог,зеленый чай
замороженные овощи
сэндвич
макароны,авокадо,печенье,клубника,цукини,мед
соль
замороженные овощи,молоко,€йца,пирожные
тертый сыр,шоколад,картофель-фри,томатный сок
тертый сыр,травы и перец,пармезан,макароны,темный шоколад,картофель-фри
индейка,травы и перец,пармезан,гов€жий фарш,€йца,картофель-фри,творог
€йца,шоколад,эскалоп
молоко,творог
батат,картофель-фри,свежий хлеб
гамбургер,цельнозерновые макароны,батат
замороженные овощи,макароны,минеральна€ вода,авокадо,мед,шоколад,шампанское,дезодорант
курица,€йца
суп,€йца
минеральна€ вода,энергетический батончик
минеральна€ вода
макароны
гамбургер,травы и перец,гов€жий фарш,минеральна€ вода,шоколад,суп,молоко,курица,€йца,растительное масло
шоколад,мед
замороженные овощи,макароны,лосось,мед,торт,курица,картофель-фри,зеленый чай
красное вино
шоколад,креветки,замороженные овощи,пармезан,макароны,минеральна€ вода,молоко,блинчики,низкокалорийный крем,масло,зеленый чай,замороженный смузи
газированна€ вода,творог
курица,йогурт
гамбургер
газированна€ вода
пирожные
молоко,торт,чили,протеиновый батончик,цукини
ветчина,макароны,суп,миндаль,рис,зеленый чай
гамбургер
индейка,креветки,замороженные овощи,помидоры,пармезан,курица,жевательна€ резинка,растительное масло,замороженный смузи,энергетический напиток,зеленый чай
креветки,помидоры,сливочное масло,€годный сок,зеленый чай,эскалоп
печенье,энергетический напиток
минеральна€ вода,дезодорант
минеральна€ вода
цельнозерновые макароны,макароны,фрикадельки,молоко,шоколад
красное вино,рис,чили,кекс
макароны,батончик без глютена
блинчики
гамбургер,€йца,блинчики
блинчики,батончик без глютена,низкокалорийный йогурт
гамбургер,шоколад,замороженные овощи,пармезан,цельнозерновые макароны,маффины,шампанское
фрикадельки,зеленый чай
свежий тунец,травы и перец,минеральна€ вода,оливковое масло,курица,маффины,шоколад,йогурт
минеральна€ вода,авокадо,торт,творог
травы и перец,креветки,помидоры
энергетический напиток
зеленый чай
энергетический батончик
помидоры,макароны,минеральна€ вода,лосось,клубника
зеленый чай
печенье
обезжиренное молоко,батончик без глютена,низкокалорийный майонез,детска€ еда
минеральна€ вода,€йца,торт
минеральна€ вода,авокадо,€йца,черника,низкокалорийный крем,соус дл€ гамбургеров,курица,чили,замороженный смузи,блинчики
торт
гамбургер,сидр,€йца
травы и перец
индейка,макароны,авокадо
минеральна€ вода,низкокалорийный йогурт
печенье,шампанское
€йца,картофель-фри
помидоры
минеральна€ вода,маффины,картофель-фри
гамбургер,гов€жий фарш,макароны,авокадо,свежий хлеб
травы и перец,цельнозерновые макароны,молоко,жевательна€ резинка,рис,шоколад,шампанское,томатный сок
торт,эскалоп,макароны,грибной соус
индейка,макароны,минеральна€ вода,суп,блинчики,мед,цельнозернова€ мука,зеленый чай
молоко,овощна€ смесь,картофель-фри
хлопь€,шампанское,зеленый чай
€годный сок,картофель-фри,шампанское
свежий тунец,замороженные овощи,шоколад,молоко,белый сыр,мед,картофель-фри,замороженный смузи,энергетический напиток
гамбургер,замороженные овощи,цельнозерновые макароны,минеральна€ вода,шоколад,авокадо,торт,картофель-фри,замороженный смузи,творог,клубника,томатный сок
замороженные овощи,помидоры,минеральна€ вода
минеральна€ вода,торт,низкокалорийный йогурт
зелена€ фасоль,эскалоп
тертый сыр
помидоры,овощна€ смесь,картофель-фри,зеленый чай
гамбургер,перец,молоко,протеиновый батончик,мед
тертый сыр,травы и перец,креветки,гов€жий фарш,томатный соус,макароны,черника,шоколад,эскалоп,йогурт
креветки,минеральна€ вода,молоко,мед,курица,картофель-фри,свежий хлеб,зеленый чай
креветки
гамбургер,тертый сыр,молоко,сидр,хлопь€,зелена€ фасоль,хот-дог,журнал,зеленый чай
цельнозерновые макароны,низкокалорийный йогурт
рис,ветчина,шоколад,замороженный смузи
суп,оливковое масло,курица,растительное масло,творог
оливковое масло
помидоры,минеральна€ вода,шоколад,авокадо,блинчики,рис,курица,хот-дог
гамбургер,суп,картофель-фри
зеленый чай
креветки,томатный сок,журнал
масло,эскалоп
энергетический батончик
картофель-фри,дезодорант,низкокалорийный майонез
минеральна€ вода,картофель-фри,дын€
тертый сыр,травы и перец,курица,картофель-фри
шоколад
рис
минеральна€ вода,лосось
€йца
минеральна€ вода,кукуруза
свежий тунец,солень€,оливковое масло,французское вино,рис
индейка,креветки,перец,макароны,печенье,блинчики
сыр,картофель-фри
тертый сыр,замороженные овощи,картофель-фри,печенье,лук-шалот,низкокалорийный йогурт
креветки,соус дл€ барбекю,картофель-фри,печенье,хот-дог,блинчики,низкокалорийный майонез,зеленый чай
зелена€ фасоль,шоколад
гамбургер,помидоры,макароны,французское вино,рис,масло,томатный сок
индейка,свежий тунец,авокадо,молоко,белый сыр,мед,торт,картофель-фри
блинчики,печенье
гамбургер,молоко,шампанское
сидр,шампанское
макароны,блинчики,свежий хлеб,белое вино
шампанское,йогурт,низкокалорийный майонез
креветки,замороженные овощи,молоко,обезжиренное молоко,€йца,зелена€ фасоль,картофель-фри,замороженный смузи,грибной соус,блинчики,низкокалорийный майонез,дын€,томатный сок
травы и перец,гов€жий фарш,томатный сок
молоко,дын€
гамбургер,тертый сыр,гов€жий фарш,макароны,минеральна€ вода,шоколад,молоко,оливковое масло,миндаль,газированна€ вода,курица,зеленый чай
блинчики
макароны,обезжиренное молоко,морковь,аксессуары,хот-дог,зеленый чай
шоколад,маффины,рис,эскалоп,картофельное пюре
замороженные овощи,дын€
макароны,цельнозернова€ мука,творог,протеиновый батончик
печенье,блинчики,м€та
гамбургер,торт
суп,хот-дог
хот-дог
макароны,минеральна€ вода,молоко,€йца,кетчуп,зелена€ фасоль,свежий хлеб,конфеты
креветки,замороженные овощи,минеральна€ вода,молоко,черный чай,хлопь€,шоколад,блинчики,йогурт
гамбургер,картофель-фри,зеленый чай
креветки,замороженные овощи,€йца,масло,соус дл€ барбекю,чили,цельнозернова€ мука,картофель-фри,печенье,пирожные,блинчики,энергетический напиток,соль
замороженные овощи,зеленый чай,картофель-фри,шампанское,печенье,пирожные,блинчики
шампанское,блинчики,зеленый чай
гамбургер,макароны,рис
гамбургер,кукуруза,низкокалорийный йогурт
хлопь€,салат
травы и перец,гов€жий фарш,томатный соус,батат,рис,зелена€ фасоль
индейка,замороженные овощи
замороженные овощи,творог
шоколад,йогурт
минеральна€ вода,авокадо,маффины,шампанское,печенье,дезодорант
€годный сок
свежий тунец,молоко,сливочное масло,миндаль,лосось,зеленый виноград,жевательна€ резинка,цельнозернова€ мука,замороженный смузи,низкокалорийный йогурт,зеленый чай
помидоры,авокадо,фрикадельки,молоко,оливковое масло,лосось,€йца
шоколад,детска€ еда
замороженные овощи,рис,растительное масло,хлопь€,протеиновый батончик,журнал,низкокалорийный йогурт
тертый сыр,гов€жий фарш,торт,эскалоп
креветки,минеральна€ вода,торт,картофель-фри,грибной соус
низкокалорийный йогурт
суп,сыр,низкокалорийный крем,творог
минеральна€ вода,курица,йогурт,низкокалорийный майонез
гамбургер,шоколад,эскалоп
сливочное масло,печенье
замороженные овощи,сем€ льна,аксессуары,шоколад,замороженный смузи,йогурт
молоко,шоколад,шампанское,замороженный смузи,низкокалорийный майонез,низкокалорийный йогурт
макароны,молоко,энергетический батончик,сливочное масло,курица,творог,томатный сок,свежий хлеб
торт,кетчуп,блинчики,свежий хлеб
оливковое масло,низкокалорийный майонез
шампанское
рис
свежий тунец,шоколад,макароны,белый сыр,мед,протеиновый батончик
гамбургер,авокадо,миндаль,рис,протеиновый батончик,цветна€ капуста,м€та,зеленый чай
замороженные овощи,молоко,энергетический батончик,€йца,пирожные,йогурт,зеленый чай
креветки,гов€жий фарш,молоко,французское вино,замороженный смузи
конфеты
гамбургер,макароны,€йца,рис,растительное масло,курица,шоколад,печенье,зеленый чай
тертый сыр,шпинат,рис,цукини
индейка,креветки,замороженные овощи,минеральна€ вода,мед,клубника
рис,торт,шоколад
тертый сыр,гов€жий фарш,перец,авокадо,оливковое масло,сливочное масло,рис,низкокалорийный йогурт
блинчики,м€та,зеленый чай
индейка,молоко,растительное масло,шоколад
минеральна€ вода,энергетический батончик,эскалоп
шоколад,помидоры,гов€жий фарш,томатный соус,минеральна€ вода,лосось,блинчики
креветки,гов€жий фарш,батат,минеральна€ вода,молоко,хлопь€,шоколад,блинчики,свежий хлеб
красное вино,замороженные овощи,гов€жий фарш,макароны,молоко,оливковое масло,курица,€йца,темный шоколад
гов€жий фарш,минеральна€ вода,шоколад,журнал
солень€,€годный сок,картофель-фри
печенье
минеральна€ вода,рис,соус дл€ барбекю,кетчуп,аксессуары,картофель-фри,низкокалорийный йогурт
шоколад,замороженный смузи,шампанское
индейка,минеральна€ вода,блинчики,€йца,низкокалорийный крем,соус дл€ барбекю,хлопь€,творог
замороженные овощи,помидоры,молоко,овощна€ смесь,€йца,шоколад,картофель-фри,низкокалорийный йогурт
протеиновый батончик,протеиновый батончик,зеленый чай
макароны
креветки,минеральна€ вода,м€та
минеральна€ вода
индейка,помидоры,макароны,картофель-фри,эскалоп
индейка,растительное масло,низкокалорийный йогурт,зеленый чай
пирожные
минеральна€ вода,молоко,€йца,чили,зеленый чай
цельнозерновые макароны,минеральна€ вода,французское вино,белый сыр,блинчики,€йца,мед,растительное масло,курица,пирожные
индейка,гамбургер,красное вино,помидоры,макароны,минеральна€ вода,авокадо,овощна€ смесь,блинчики,картофель-фри
креветки,замороженные овощи,молоко,€йца,грибной соус
картофель-фри
тертый сыр,гов€жий фарш,минеральна€ вода,морковь,зеленый чай
индейка,тертый сыр,замороженные овощи,помидоры,макароны,оливковое масло,энергетический батончик,мед
свежий тунец,минеральна€ вода,миндаль,шоколад,свежий хлеб
индейка,минеральна€ вода,шоколад
грибной соус
шоколад,картофель-фри,м€та
картофель-фри
картофель-фри
молоко
спаржа
индейка,макароны,молоко,сливочное масло,черный чай,блинчики,€йца,соль
индейка,перец,минеральна€ вода
помидоры,молоко,черный чай,рис,дын€
свежий тунец,минеральна€ вода,черный чай,творог
сем€ льна,€йца,курица,хлопь€
картофель-фри,творог,зеленый чай
травы и перец,€йца,аксессуары,картофель-фри
€йца
тертый сыр,макароны,€йца
гамбургер,свежий тунец,гов€жий фарш,макароны,черный чай,миндаль,соус дл€ барбекю,эскалоп,картофельное пюре,творог
гамбургер,ветчина,шоколад,красное вино,замороженные овощи,томатный соус,макароны,маффины,мед,картофель-фри,йогурт,соль
шоколад,лосось,растительное масло,дезодорант
цельнозерновые макароны,энергетический батончик
гамбургер,минеральна€ вода,шоколад,курица,морковь,замороженный смузи,творог
гамбургер,гов€жий фарш,минеральна€ вода,торт,картофель-фри,протеиновый батончик
гамбургер,креветки,помидоры,минеральна€ вода,фрикадельки
красное вино,макароны,€йца
макароны,шоколад,миндаль,курица,€йца,растительное масло,картофель-фри,шампанское
картофель-фри,эскалоп
гамбургер,картофель-фри,шампанское,клубника,зеленый чай
€йца,рис,печенье
травы и перец,перец,макароны,оливковое масло,блинчики,торт,низкокалорийный крем,€годный сок,замороженный смузи,печенье,низкокалорийный йогурт
тертый сыр,травы и перец,гов€жий фарш,макароны,минеральна€ вода,блинчики,рис,курица,замороженный смузи,эскалоп,протеиновый батончик,низкокалорийный йогурт
€йца
помидоры,гов€жий фарш,томатный соус,минеральна€ вода,суп,молоко,баклажаны,м€та
минеральна€ вода,шоколад,м€та
индейка,гов€жий фарш,минеральна€ вода,растительное масло
тертый сыр,травы и перец,гов€жий фарш
гамбургер,минеральна€ вода,растительное масло
батат,минеральна€ вода,энергетический батончик,€йца,свежий хлеб
зеленый чай,шоколад,журнал
макароны,минеральна€ вода,суп,блинчики,томатный сок
гамбургер,креветки,перец,макароны,минеральна€ вода,миндаль,курица,средство от насекомых,низкокалорийный йогурт
свежий тунец,замороженные овощи,энергетический батончик,мед,торт,пирожные,йогурт,энергетический напиток
шоколад,шампанское
шоколад,картофель-фри
свежий тунец,гов€жий фарш,перец,минеральна€ вода,блинчики,€йца,рис,торт,низкокалорийный йогурт
замороженные овощи,гов€жий фарш,минеральна€ вода,суп,блинчики,рис,замороженный смузи
замороженные овощи,помидоры,макароны,картофель-фри,эскалоп,лук-шалот
цельнозерновые макароны
минеральна€ вода,€йца,рис,растительное масло
зелена€ фасоль,низкокалорийный йогурт
макароны,шпинат,масло,зеленый чай
помидоры,сливочное масло,мед,рис,растительное масло,протеиновый батончик,свежий хлеб
макароны,минеральна€ вода,€годный сок,картофель-фри,печенье,хот-дог
замороженные овощи,молоко,мед,картофель-фри,замороженный смузи,низкокалорийный майонез,свежий хлеб
€йца,печенье
шоколад,€йца
минеральна€ вода,оливковое масло
цельнозерновые макароны,макароны,молоко,оливковое масло,черный чай,белый сыр,торт,черника,низкокалорийный крем,хлопь€
тертый сыр,макароны
хлопь€,печенье,низкокалорийный йогурт
макароны,батат,минеральна€ вода,мед
минеральна€ вода,м€та
белое вино
минеральна€ вода,€йца,м€та,зеленый чай
минеральна€ вода,молоко,зеленый чай
тертый сыр,гов€жий фарш,шоколад,картофель-фри
гамбургер,€йца,картофель-фри
оливковое масло,пирожные,йогурт
тертый сыр,замороженные овощи,пармезан,гов€жий фарш,макароны,минеральна€ вода,шоколад,молоко,€йца
блинчики
творог,низкокалорийный йогурт
травы и перец,замороженные овощи,гов€жий фарш,макароны,суп,€йца,чай,шоколад,томатный сок,цукини
шоколад,красное вино,замороженные овощи,помидоры,гов€жий фарш,макароны,€йца,средство от насекомых,зелена€ фасоль,зеленый чай,картофель-фри,печенье
макароны,минеральна€ вода,суп,оливковое масло,блинчики,€йца
минеральна€ вода,шоколад,молоко,овощна€ смесь,€йца,газированна€ вода,растительное масло,морковь,замороженный смузи,эскалоп
оливковое масло
газированна€ вода,хот-дог,газированна€ вода,пирожные,блинчики
тертый сыр,эскалоп,хот-дог,протеиновый батончик,свежий хлеб
€йца,черника,хлопь€,зеленый чай
гов€жий фарш,макароны,шоколад
креветки,перец,молоко,€йца
помидоры,перец,макароны,соус дл€ гамбургеров,пирожные
гамбургер,сидр,соус дл€ барбекю,шоколад,спаржа,зеленый чай
индейка,красное вино,помидоры,макароны,фрикадельки,молоко,миндаль,зеленый чай,энергетический напиток
шоколад,минеральна€ вода,хот-дог,творог
гамбургер,макароны,батат,эскалоп,грибной соус
творог
цельнозерновые макароны,молоко,блинчики,низкокалорийный йогурт
маффины,хлопь€,клубника
оливковое масло,маффины,м€та
шоколад,красное вино,томатный соус,макароны,минеральна€ вода,молоко,блинчики,€йца
эскалоп,макароны,лук-шалот,творог
свежий хлеб
гамбургер,креветки,молоко,торт,м€тный зеленый чай,картофель-фри,свежий хлеб,низкокалорийный йогурт
замороженные овощи,макароны,молоко,лосось,растительное масло,морковь,хлопь€,протеиновый батончик,м€та
травы и перец,картофель-фри,протеиновый батончик,цукини
оливковое масло
масло
макароны,оливковое масло,€йца,торт,цельнозернова€ мука,блинчики
маффины
индейка,свежий тунец,травы и перец,цельнозерновые макароны,макароны,минеральна€ вода,молоко,блинчики,торт,картофель-фри,эскалоп,грибной соус,цукини
французское вино
печенье
макароны
минеральна€ вода,суп,авокадо,черника,чай,эскалоп,печенье,журнал
гамбургер,€йца,торт,картофель-фри,дын€,зеленый чай
гов€жий фарш,блинчики
макароны,эскалоп,грибной соус,йогурт
миндаль,французское вино,зеленый чай,картофель-фри,эскалоп,клубника,томатный сок,мед
минеральна€ вода,авокадо
молоко,черный чай
креветки,помидоры,макароны
индейка,ветчина,мед,низкокалорийный йогурт
шоколад,цукини
солень€,авокадо,торт,зеленый чай
авокадо,шампанское,замороженный смузи
макароны,минеральна€ вода,шоколад,молоко,энергетический батончик,миндаль,хлопь€,м€та
суп,оливковое масло,шоколад
эскалоп
оливковое масло,низкокалорийный йогурт
индейка
картофель-фри
сыр,протеиновый батончик
макароны,минеральна€ вода,лосось,зеленый виноград,чили,картофель-фри,свежий хлеб,цукини
шампанское,блинчики,зеленый чай
шоколад
картофель-фри,клубника
макароны
креветки,жевательна€ резинка,низкокалорийный йогурт
гов€жий фарш,макароны,минеральна€ вода,€годный сок,картофель-фри
молоко,печенье
креветки,макароны,мед,рис,черника,растительное масло,зеленый чай,замороженный смузи
помидоры,шампанское
суп,молоко,масло,шоколад,эскалоп,детска€ еда
десертное вино
минеральна€ вода,белый сыр,торт,картофель-фри
травы и перец,макароны,батат,аксессуары
маффины,белое вино
травы и перец,маффины
тертый сыр,травы и перец,шоколад,оливковое масло,овощна€ смесь,обезжиренное молоко,€йца,торт,баклажаны,хлопь€,пирожные,блинчики,зеленый чай
помидоры,растительное масло,картофель-фри,творог,пирожные,йогурт,протеиновый батончик,соль,томатный сок,майонез
шоколад,макароны,энергетический батончик,кукуруза,томатный сок
цельнозерновые макароны,молоко,оливковое масло
гамбургер,сливочное масло,блинчики,мед,картофель-фри,дезодорант
гамбургер,гов€жий фарш,шоколад,масло,морковь,эскалоп,зеленый чай
макароны,торт,блинчики,белое вино
эскалоп
гамбургер,ветчина,цельнозерновые макароны,минеральна€ вода,оливковое масло,мед,замороженный смузи,творог,пирожные
шоколад,картофель-фри
низкокалорийный йогурт
картофель-фри
батат
авокадо,€йца,пирожные
красное вино,помидоры,чай,эскалоп,шампанское
мед,картофель-фри,зеленый чай
гамбургер,ветчина,креветки,молоко,французское вино,овощна€ смесь,картофель-фри,замороженный смузи,свежий хлеб,низкокалорийный йогурт
травы и перец,гов€жий фарш,томатный соус,лосось,замороженный смузи,йогурт
креветки,помидоры,макароны,€йца
шпинат,дын€
суп,энергетический батончик,торт,м€та
индейка,травы и перец,макароны,блинчики,зеленый чай
оливковое масло,сливочное масло,блинчики
минеральна€ вода,картофель-фри,энергетический напиток,низкокалорийный йогурт
торт,печенье,блинчики,низкокалорийный йогурт
минеральна€ вода,суп,картофель-фри,эскалоп,журнал
минеральна€ вода,шампанское,хот-дог,творог,зеленый чай
креветки,масло,темный шоколад,низкокалорийный майонез,белое вино
минеральна€ вода,баклажаны,эскалоп,спаржа
масло,низкокалорийный майонез
ветчина,красное вино,рис
йогурт
эскалоп
маффины
макароны
травы и перец,оливковое масло,черника
зелена€ фасоль,салат,зеленый чай
травы и перец,креветки,гов€жий фарш,макароны,минеральна€ вода,молоко,блинчики,торт,жевательна€ резинка,средство от насекомых,курица,цельнозернова€ мука,картофель-фри,замороженный смузи,грибной соус
гамбургер,креветки
шоколад,эскалоп
замороженные овощи
макароны,минеральна€ вода,авокадо,фрикадельки,молоко,курица,морковь
гов€жий фарш
авокадо,шоколад,замороженный смузи
клубника,энергетический напиток
перец,минеральна€ вода,суп,картофель-фри
помидоры,гов€жий фарш,макароны,минеральна€ вода,растительное масло,шоколад
картофель-фри
батат
печенье
картофель-фри,шампанское,энергетический напиток
масло,печенье
замороженные овощи
картофель-фри
шоколад,суп
макароны,батат,авокадо,лосось,блинчики,низкокалорийный крем,средство от насекомых,курица
авокадо,цукини
гамбургер,макароны,зеленый виноград,торт,замороженный смузи,творог
сем€ льна,торт,блинчики
рис,картофель-фри
помидоры
шоколад,картофель-фри,замороженный смузи,хот-дог,низкокалорийный йогурт
зеленый чай
гамбургер,сэндвич
минеральна€ вода,лосось,шоколад
картофель-фри
минеральна€ вода,молоко,лосось
торт,блинчики,энергетический напиток
креветки,замороженные овощи,минеральна€ вода,суп,молоко,блинчики,шоколад,картофель-фри,зеленый чай
маффины
минеральна€ вода,сливочное масло,шпинат,темный шоколад,€годный сок,газированна€ вода,низкокалорийный майонез
минеральна€ вода,авокадо,молоко,мед
индейка,пармезан
креветки,масло,шампанское
молоко,шоколад,картофель-фри,низкокалорийный йогурт
молоко,пирожные,томатный сок
€йца,эскалоп,томатный сок
картофель-фри,замороженный смузи,эскалоп
перец,минеральна€ вода,белый сыр,торт,масло
фрикадельки,мед,€годный сок,низкокалорийный йогурт
индейка,авокадо,€йца,соус дл€ барбекю,печенье,соль,детска€ еда
зеленый виноград,протеиновый батончик
креветки,замороженные овощи,помидоры,молоко,маффины,картофель-фри
замороженные овощи,макароны,минеральна€ вода,суп,обезжиренное молоко,блинчики,темный шоколад,журнал
французское вино,торт,газированна€ вода,м€та
оливковое масло
тертый сыр,шоколад,шампанское
перец,мед,томатный сок
замороженные овощи,помидоры,минеральна€ вода,французское вино,овощна€ смесь,мед,газированна€ вода,сэндвич,протеиновый батончик,томатный сок,низкокалорийный йогурт
макароны
гамбургер,макароны,рис,шампанское,замороженный смузи,блинчики,низкокалорийный майонез
блинчики
картофель-фри
молоко,овощна€ смесь,картофель-фри
помидоры,печенье
шоколад,картофель-фри,блинчики,зеленый чай
эскалоп
лосось
протеиновый батончик
шоколад,картофель-фри,дезодорант,блинчики,зеленый чай
макароны
молоко,растительное масло,шоколад,клубника
цельнозернова€ мука,пирожные
замороженные овощи,молоко,сидр,рис
минеральна€ вода,рис,низкокалорийный йогурт
креветки,картофель-фри
креветки,помидоры,пармезан,макароны,рис,хлопь€,шоколад,свежий хлеб
креветки,макароны,овощна€ смесь,рис,эскалоп,печенье
тертый сыр
молоко,картофель-фри,замороженный смузи
травы и перец,замороженные овощи,гов€жий фарш,минеральна€ вода,€йца,шоколад,хот-дог
зеленый чай
оливковое масло,свежий хлеб
макароны,рис
курица
батат,минеральна€ вода,картофель-фри
замороженные овощи,шоколад,оливковое масло,€йца
минеральна€ вода,маффины
печенье
замороженные овощи,минеральна€ вода,молоко,торт,картофель-фри,шампанское
клубника,томатный сок
замороженные овощи,минеральна€ вода,творог,блинчики
шампанское
минеральна€ вода,зеленый чай
печенье
замороженные овощи,помидоры,макароны,суп,энергетический батончик,торт,картофель-фри,пирожные
шоколад,травы и перец,батат,авокадо,оливковое масло,черный чай,овощна€ смесь,€йца,мед,рис,зеленый чай
цельнозернова€ мука,томатный сок,майонез
батат,замороженный смузи,хот-дог
макароны,минеральна€ вода
креветки,сем€ льна,низкокалорийный крем
оливковое масло
красное вино,креветки,гов€жий фарш,макароны,маффины,блинчики,€йца,мед,печенье,творог,журнал
шоколад,картофель-фри
овощна€ смесь,обезжиренное молоко,зеленый виноград,торт,печенье,творог,пирожные,свежий хлеб,зеленый чай
мед,низкокалорийный крем,замороженный смузи,томатный сок
торт,морковь,печенье
эскалоп
замороженные овощи,молоко,оливковое масло,миндаль,зеленый чай,картофель-фри,замороженный смузи,протеиновый батончик
гамбургер,замороженные овощи,минеральна€ вода,черный чай,рис,замороженный смузи
картофель-фри
€йца
сливочное масло,шоколад
печенье
замороженные овощи,гов€жий фарш,минеральна€ вода,сем€ льна,€йца,эскалоп,пирожные
масло,морковь,томатный сок
€йца
креветки,замороженные овощи,минеральна€ вода,€йца,мед
цельнозерновые макароны,молоко
травы и перец,креветки,гов€жий фарш,рис,печенье,детска€ еда,томатный сок
креветки,€йца,клубника,зеленый чай
индейка,торт,картофель-фри
минеральна€ вода,миндаль,€йца,зеленый чай
травы и перец,перец,макароны,€йца
помидоры,соль,свежий хлеб
блинчики,низкокалорийный майонез
гов€жий фарш,шоколад,суп,торт,блинчики,цветна€ капуста
протеиновый батончик
минеральна€ вода,шоколад,курица,зеленый чай
индейка,томатный сок
шоколад,гов€жий фарш,макароны,суп,молоко,энергетический батончик,растительное масло,зубна€ паста,цукини
суп,молоко,мед
индейка,зеленый чай
помидоры,суп,растительное масло,темный шоколад
молоко
€йца
шоколад,гов€жий фарш,суп,энергетический напиток,низкокалорийный йогурт
травы и перец
травы и перец,черный чай,эскалоп
€йца,шоколад
торт,картофель-фри
печенье
минеральна€ вода
травы и перец,шампанское
ветчина
сливочное масло,сем€ льна,курица,зеленый чай,журнал
гамбургер,миндаль,€йца,картофель-фри
эскалоп,макароны,зеленый чай
картофель-фри
замороженные овощи,минеральна€ вода,суп,молоко,рис,торт,хлопь€,дын€
макароны,минеральна€ вода,€йца,низкокалорийный крем
красное вино,€йца,зубна€ паста
молоко,курица,сидр,€йца,шоколад,картофель-фри,замороженный смузи,эскалоп,блинчики,низкокалорийный йогурт
замороженные овощи,молоко,зеленый чай,журнал,низкокалорийный йогурт
ветчина,гов€жий фарш,торт
шоколад,картофель-фри,хот-дог
красное вино,минеральна€ вода,молоко,средство от насекомых,зелена€ фасоль,картофель-фри,журнал
ветчина,гов€жий фарш,французское вино,рис
индейка
шоколад,макароны,оливковое масло,морковь
хот-дог
минеральна€ вода,оливковое масло
€йца
травы и перец,красное вино
креветки,перец,чили
шоколад,томатный соус,суп,масло,картофель-фри,печенье,свежий хлеб
креветки,макароны,суп,рис,томатный сок
шоколад,шампанское,хот-дог
гамбургер,макароны,минеральна€ вода,сливочное масло,лосось,обезжиренное молоко,журнал,майонез,зеленый чай
помидоры,пармезан,минеральна€ вода,€йца
индейка,травы и перец,минеральна€ вода,батончик без глютена
свежий тунец,красное вино,минеральна€ вода,белый сыр,€йца,торт,корм дл€ животных,замороженный смузи,хот-дог,батончик без глютена
шоколад,миндаль,рис
тертый сыр,креветки,минеральна€ вода,суп,молоко,эскалоп,белое вино
тертый сыр,энергетический батончик
креветки,помидоры,макароны,сем€ льна,лосось,торт,пирожные
печенье
цельнозерновые макароны,макароны
сем€ льна,шоколад,замороженный смузи,эскалоп,печенье
€йца
тертый сыр,креветки,замороженные овощи,помидоры
минеральна€ вода,€йца,протеиновый батончик,свежий хлеб,низкокалорийный йогурт
гов€жий фарш,лосось
шоколад,травы и перец,гов€жий фарш,минеральна€ вода,суп,молоко,французское вино,курица,блинчики,цельнозернова€ мука,аксессуары,свежий хлеб
гов€жий фарш,макароны,минеральна€ вода,молоко,французское вино,лосось,€йца
замороженные овощи,макароны,минеральна€ вода,растительное масло
гов€жий фарш,макароны,молоко,курица,€йца
клубника
гов€жий фарш,минеральна€ вода,энергетический батончик,средство от насекомых
шоколад,пармезан,минеральна€ вода,€йца,шампанское,белое вино
печенье
минеральна€ вода
креветки,замороженные овощи,гов€жий фарш,овощна€ смесь,обезжиренное молоко,шоколад
эскалоп
минеральна€ вода
перец,макароны,молоко,оливковое масло,сливочное масло,курица
гамбургер,замороженные овощи,цельнозерновые макароны,макароны,минеральна€ вода,суп,бекон,€йца,низкокалорийный крем,растительное масло,курица,дезодорант,блинчики
макароны
эскалоп
минеральна€ вода
молоко,баклажаны
гамбургер,торт,картофель-фри,хот-дог,низкокалорийный йогурт,зеленый чай
йогурт
газированна€ вода,белое вино
лосось
индейка,€йца
минеральна€ вода,€йца,шоколад
индейка,замороженные овощи,гов€жий фарш,фрикадельки,энергетический батончик,рис,замороженный смузи
тертый сыр,печенье,дын€
зелена€ фасоль
шоколад,цельнозерновые макароны,макароны,молоко,лосось
помидоры,гов€жий фарш,макароны,энергетический батончик
гамбургер,миндаль,€йца,курица,низкокалорийный майонез
минеральна€ вода,масло,зубна€ паста
тертый сыр
шоколад
зеленый чай,салат,свежий хлеб
гамбургер,гов€жий фарш,лосось,овощна€ смесь,€йца,шоколад
гамбургер,€йца,детска€ еда
эскалоп
чатни
индейка,€йца
гамбургер,замороженные овощи,€йца,торт
картофель-фри,хот-дог
€йца,баклажаны,печенье,пирожные,низкокалорийный йогурт
замороженные овощи
шоколад,энергетический батончик,миндаль,торт,зеленый чай
индейка,шампанское,соль
солень€
десертное вино,помидоры,пармезан,макароны
фрикадельки,м€тный зеленый чай
минеральна€ вода,суп,грибной соус,низкокалорийный йогурт,мед
минеральна€ вода,шоколад,€йца,рис,низкокалорийный майонез
минеральна€ вода,молоко,овощна€ смесь,пирожные,свежий хлеб,низкокалорийный йогурт
гамбургер,травы и перец,минеральна€ вода,€йца,торт,замороженный смузи
пирожные
креветки
минеральна€ вода
тертый сыр,низкокалорийный йогурт
цельнозерновые макароны,макароны,молоко,сидр,€йца
шоколад,йогурт
блинчики
замороженный смузи
минеральна€ вода
батончик без глютена
шоколад,минеральна€ вода
томатный сок
тертый сыр
гов€жий фарш,сливочное масло,сем€ льна,мед,зеленый чай
шоколад,маффины
гов€жий фарш,перец,молоко,оливковое масло,сливочное масло,средство от насекомых,зеленый чай,шоколад,эскалоп
помидоры,минеральна€ вода,блинчики,цельнозернова€ мука,картофель-фри
помидоры,минеральна€ вода,€йца,кетчуп,кукуруза,блинчики
эскалоп
€йца,низкокалорийный йогурт
минеральна€ вода,шоколад,эскалоп
низкокалорийный майонез
суп,корм дл€ животных,энергетический напиток
гамбургер,индейка,помидоры,суп,молоко,лосось,мед,зелена€ фасоль,цельнозернова€ мука,картофель-фри,замороженный смузи,томатный сок
индейка,гамбургер,замороженные овощи,макароны,оливковое масло,французское вино,€йца,жевательна€ резинка,блинчики,соль,зеленый чай
томатный соус,макароны,томатный сок,свежий хлеб
пармезан,цельнозерновые макароны
гамбургер,гов€жий фарш,макароны,минеральна€ вода,картофель-фри,низкокалорийный майонез
эскалоп,грибной соус
молоко,сидр,торт,зеленый чай
печенье,грибной соус
пармезан,цельнозерновые макароны,картофель-фри
пармезан,макароны,зеленый виноград
креветки,жевательна€ резинка
минеральна€ вода,печенье
€йца,рис
€йца
печенье
шоколад
травы и перец,замороженные овощи,гов€жий фарш,молоко,рис,баклажаны,печенье,грибной соус,низкокалорийный йогурт
картофель-фри
гамбургер,минеральна€ вода,€йца,зеленый чай,низкокалорийный йогурт
гамбургер,€йца,картофель-фри
курица,зеленый чай,шоколад
творог,пирожные,низкокалорийный йогурт
макароны,фрикадельки,молоко
печенье,низкокалорийный йогурт
шоколад,картофель-фри,эскалоп
пармезан
эскалоп
м€тный зеленый чай
цельнозерновые макароны,молоко,хлопь€,блинчики
креветки,морковь,ветчина,йогурт
травы и перец,минеральна€ вода
молоко,эскалоп,шампанское,хот-дог,свежий хлеб
овощна€ смесь,газированна€ вода,замороженный смузи,хот-дог,творог,йогурт,томатный сок,свежий хлеб
замороженные овощи,морковь,замороженный смузи
креветки,шоколад,миндаль,блинчики
хот-дог
картофель-фри,блинчики
травы и перец,гов€жий фарш,молоко,оливковое масло,лосось,чили
креветки,замороженные овощи,помидоры,макароны,газированна€ вода,зеленый чай
гамбургер,молоко
гов€жий фарш,минеральна€ вода
индейка,макароны,шоколад,молоко,черный чай,€йца,низкокалорийный йогурт
суп,авокадо,картофель-фри,эскалоп,дезодорант
суп
минеральна€ вода,соус дл€ барбекю
минеральна€ вода,€йца
перец,макароны,минеральна€ вода,молоко,лосось,шоколад,замороженный смузи,эскалоп,хот-дог,газированна€ вода
гов€жий фарш,перец,минеральна€ вода,шоколад,масло,чили,эскалоп
помидоры,макароны,рис,замороженный смузи,йогурт
травы и перец,помидоры,макароны,минеральна€ вода,чатни,€йца,торт,картофель-фри
гамбургер,красное вино,гов€жий фарш,перец,ветчина,свежий хлеб,низкокалорийный йогурт
маффины,€йца
маффины,блинчики
замороженные овощи,минеральна€ вода,шоколад,картофель-фри
замороженные овощи,€йца,баклажаны,йогурт,свежий хлеб
сэндвич
гамбургер,макароны,минеральна€ вода,оливковое масло,блинчики,торт,ветчина,м€тный зеленый чай,шоколад,картофель-фри
замороженные овощи,картофель-фри,картофельное пюре
творог,низкокалорийный йогурт
минеральна€ вода,€йца
свежий тунец,тертый сыр,французское вино,блинчики,€йца,торт,курица,хот-дог
индейка,ветчина,креветки,помидоры,рис,морковь,зеленый чай,йогурт,низкокалорийный йогурт
€йца,корм дл€ животных
красное вино,лосось
сем€ льна,зеленый чай
минеральна€ вода,морковь
эскалоп
гамбургер,свежий тунец,помидоры,белый сыр
мед,зеленый чай,дын€
макароны,эскалоп
гамбургер,помидоры,цельнозерновые макароны,минеральна€ вода,шоколад,оливковое масло
травы и перец,замороженные овощи,гов€жий фарш,макароны,минеральна€ вода,суп,блинчики
цельнозерновые макароны,сливочное масло,жевательна€ резинка,хлопь€,дезодорант,зеленый чай
травы и перец,гов€жий фарш,минеральна€ вода,молоко,цельнозернова€ мука
индейка,суп,молоко,французское вино,рис,печенье
замороженные овощи,минеральна€ вода,блинчики,рис,картофель-фри,печенье
минеральна€ вода,майонез
креветки,рис,торт,шампанское,блинчики,зеленый чай
авокадо,сливочное масло,низкокалорийный йогурт,зеленый чай
минеральна€ вода,картофель-фри,протеиновый батончик
торт,йогурт,салат
чатни,€йца,эскалоп
макароны,минеральна€ вода,белый сыр,картофель-фри
детска€ еда
макароны,молоко,сыр,шоколад
солень€,€йца
макароны,овощна€ смесь,€йца,шоколад,эскалоп,грибной соус
замороженный смузи
цельнозерновые макароны,макароны,молоко
макароны,минеральна€ вода,шоколад,молоко,оливковое масло,лосось,€йца,растительное масло,свежий хлеб
черника
йогурт
шоколад,картофель-фри,эскалоп
гамбургер,молоко,растительное масло,хот-дог
минеральна€ вода,йогурт
энергетический батончик,энергетический напиток
ветчина,макароны,молоко,маффины,замороженный смузи,хот-дог,низкокалорийный йогурт
хот-дог,йогурт
солень€,травы и перец,овощна€ смесь,€йца,картофель-фри
эскалоп,макароны
креветки,замороженные овощи,торт,дын€
маффины,картофель-фри,шампанское,лук-шалот
замороженные овощи,гов€жий фарш,молоко,курица,белый сыр,рис,кетчуп,хот-дог,пирожные,низкокалорийный майонез
растительное масло
картофель-фри
гамбургер,рис
энергетический батончик
оливковое масло
замороженные овощи
томатный соус,оливковое масло,жевательна€ резинка,клубника,низкокалорийный йогурт
минеральна€ вода
молоко,эскалоп,шампанское
красное вино,гов€жий фарш,томатный соус,макароны,шоколад,эскалоп,низкокалорийный йогурт
помидоры,€йца
шпинат
минеральна€ вода
минеральна€ вода,рис,замороженный смузи
гамбургер,€йца
салат
травы и перец,минеральна€ вода,молоко,черный чай
гамбургер,минеральна€ вода,€йца,картофель-фри,хот-дог,творог,пирожные,батончик без глютена,низкокалорийный майонез
гамбургер,энергетический батончик,рис,средство от насекомых,картофель-фри,хот-дог,газированна€ вода,шампунь
замороженные овощи,зеленый виноград
индейка,зеленый чай
травы и перец,гов€жий фарш,блинчики,соус дл€ гамбургеров,картофель-фри
суп,маффины,рис,хлопь€
шоколад,печенье,низкокалорийный майонез
молоко,низкокалорийный йогурт
гов€жий фарш,макароны,морковь,шоколад,замороженный смузи
помидоры,энергетический батончик,овощна€ смесь,творог,блинчики,свежий хлеб
шоколад,минеральна€ вода
свежий тунец,минеральна€ вода,французское вино,хлопь€
йогурт
протеиновый батончик,томатный сок,свежий хлеб,мед
€йца,растительное масло,баклажаны
гамбургер,свежий тунец,молоко,курица,шампанское,спаржа,белое вино
зеленый чай,замороженный смузи
индейка,минеральна€ вода
гамбургер,энергетический батончик,рис,торт
минеральна€ вода,шоколад,молоко,блинчики,€йца
авокадо,энергетический батончик
помидоры,макароны,минеральна€ вода,фрикадельки,соль
гамбургер,макароны,молоко,морковь,шоколад,макароны,зеленый чай
минеральна€ вода,растительное масло,темный шоколад,шоколад,эскалоп,пирожные,свежий хлеб
хот-дог,йогурт
гамбургер,€йца,эскалоп
эскалоп
цельнозернова€ мука
помидоры
тертый сыр,шоколад,шампанское,зеленый чай
энергетический батончик,торт,шоколад,замороженный смузи,эскалоп
минеральна€ вода
замороженные овощи,помидоры,гов€жий фарш,шоколад,суп,клубника,блинчики
индейка,курица,мед
цельнозернова€ мука
чили,детска€ еда
картофель-фри
гов€жий фарш,молоко,энергетический батончик
минеральна€ вода
креветки,хлопь€,зеленый чай,хот-дог,свежий хлеб
минеральна€ вода,суп,курица,зеленый чай
картофель-фри,энергетический напиток
гамбургер,молоко,замороженный смузи,зеленый чай
оливковое масло
индейка,тертый сыр,замороженные овощи,авокадо,морковь,хот-дог,зеленый чай
макароны,рис,кукуруза,шампанское
эскалоп
помидоры,гов€жий фарш,суп,французское вино,сыр
креветки,минеральна€ вода,блинчики,йогурт,зеленый чай
оливковое масло
оливковое масло,низкокалорийный йогурт
макароны,фрикадельки,сливочное масло,миндаль,курица,белый сыр,сыр,зелена€ фасоль
замороженные овощи,минеральна€ вода,курица,рис
замороженные овощи,€йца,мед,хот-дог,низкокалорийный майонез
энергетический напиток
ветчина,рис,дын€,зеленый чай
картофель-фри,печенье,лук-шалот,хот-дог,зеленый чай
молоко,энергетический напиток
индейка,перец,батат,курица,рис,баклажаны,зеленый чай
свежий тунец,помидоры,блинчики,торт,жевательна€ резинка,хлопь€,низкокалорийный йогурт
печенье
гамбургер,сливочное масло,морковь,шоколад,печенье
индейка,тертый сыр,суп,зеленый чай
детска€ еда
овощна€ смесь
минеральна€ вода,торт,жевательна€ резинка,курица,картофель-фри,хот-дог,энергетический напиток
сливочное масло
шампанское
замороженный смузи
гов€жий фарш,макароны,минеральна€ вода,молоко,творог,низкокалорийный йогурт
индейка,минеральна€ вода,лосось
пармезан,рис
пармезан,курица,журнал
эскалоп
€йца,свежий хлеб,зеленый чай
€йца,шоколад
суп,молоко,низкокалорийный йогурт
гамбургер,креветки,шоколад,молоко,рис,растительное масло,замороженный смузи,томатный сок,низкокалорийный йогурт
индейка,гамбургер,креветки,лосось,овощна€ смесь,соус дл€ гамбургеров,масло,зеленый чай,пирожные,томатный сок
десертное вино,минеральна€ вода,€йца,шампанское,блинчики
печенье
черный чай,зеленый чай,низкокалорийный майонез
тертый сыр,травы и перец,цельнозерновые макароны,блинчики,масло
замороженные овощи
помидоры,пармезан,овощна€ смесь,€йца,соус дл€ барбекю,печенье
креветки,замороженные овощи,€йца,картофель-фри,энергетический напиток
ветчина,красное вино,макароны,минеральна€ вода,€йца,низкокалорийный майонез
зеленый чай
красное вино,минеральна€ вода,миндаль,рис,зеленый чай
гов€жий фарш,растительное масло,зубна€ паста
травы и перец,гов€жий фарш,минеральна€ вода,сем€ льна
печенье,хот-дог
оливковое масло,сливочное масло,торт,растительное масло,хлопь€,блинчики,белое вино,низкокалорийный йогурт
замороженные овощи,молоко,€йца,зеленый чай
замороженные овощи,минеральна€ вода,€йца
торт
замороженные овощи,фрикадельки,рис,низкокалорийный крем
курица,энергетический напиток
солень€,минеральна€ вода,протеиновый батончик
ветчина,помидоры,минеральна€ вода,картофель-фри,низкокалорийный йогурт
индейка,гамбургер,€йца,картофель-фри,лук-шалот,энергетический напиток,зеленый чай
гамбургер,картофель-фри
замороженные овощи,перец,минеральна€ вода,курица,сыр,шоколад,картофель-фри
индейка,цельнозерновые макароны,минеральна€ вода,рис,зеленый чай,журнал
замороженные овощи,французское вино,лосось,блинчики,жевательна€ резинка
оливковое масло
травы и перец,минеральна€ вода,€йца,зеленый чай
свежий тунец,травы и перец,креветки,низкокалорийный йогурт
замороженные овощи,зеленый виноград,€йца,шоколад,цукини
индейка,блинчики,соус дл€ барбекю,дын€
гамбургер,помидоры,гов€жий фарш,макароны,минеральна€ вода,молоко,торт,картофель-фри,свежий хлеб,зеленый чай
индейка,гамбургер,тертый сыр,травы и перец,красное вино,замороженные овощи,гов€жий фарш,минеральна€ вода,молоко,сидр,€йца,торт,эскалоп,печенье,низкокалорийный йогурт
травы и перец,замороженные овощи,растительное масло,шоколад
индейка,гамбургер,свежий тунец,пармезан,макароны,авокадо,оливковое масло,шоколад,картофель-фри
шоколад,грибной соус
энергетический батончик
печенье
торт,картофель-фри
индейка,замороженные овощи,макароны,кукуруза,цукини
макароны,картофель-фри,зеленый чай
индейка,€йца,торт
тертый сыр,оливковое масло,€йца,масло,картофель-фри,творог,блинчики,низкокалорийный майонез
печенье
пармезан,рис,белое вино
шоколад,шампанское,замороженный смузи,эскалоп
травы и перец,креветки,блинчики,хот-дог,творог,свежий хлеб
индейка,ветчина,минеральна€ вода,шоколад,молоко,курица,€йца,торт
гамбургер,€йца
низкокалорийный йогурт
свежий тунец,французское вино,торт,замороженный смузи
солень€,макароны,творог
креветки,цельнозерновые макароны,торт,детска€ еда,томатный сок
цельнозерновые макароны,макароны,молоко,обезжиренное молоко,масло,растительное масло,хот-дог
макароны
картофель-фри
гамбургер,минеральна€ вода,молоко,сливочное масло,€йца
десертное вино,травы и перец,минеральна€ вода,молоко,черный чай,лосось,мед,черника,соус дл€ гамбургеров,темный шоколад,замороженный смузи
картофель-фри
энергетический батончик
шоколад,замороженные овощи,гов€жий фарш,макароны,энергетический батончик,зеленый чай,эскалоп,макароны
тертый сыр,гов€жий фарш,минеральна€ вода,миндаль,обезжиренное молоко,блинчики,дезодорант,батончик без глютена,низкокалорийный майонез
пармезан,французское вино,растительное масло,низкокалорийный йогурт
гамбургер,солень€,жевательна€ резинка,картофель-фри
картофель-фри
травы и перец,картофель-фри,низкокалорийный йогурт
минеральна€ вода,шоколад,суп
масло
макароны,минеральна€ вода,энергетический батончик,низкокалорийный крем,цукини
помидоры,шоколад,молоко
индейка,травы и перец,гов€жий фарш,фрикадельки,блинчики
минеральна€ вода
€йца,зеленый чай
красное вино,гов€жий фарш,минеральна€ вода,лосось,€йца,корм дл€ животных
шоколад,сидр,овощна€ смесь,блинчики
гамбургер,макароны,оливковое масло,маффины,блинчики,€йца,зеленый чай,шоколад,низкокалорийный йогурт
красное вино,цельнозерновые макароны,макароны,минеральна€ вода,энергетический батончик,черный чай,французское вино,торт,кекс,пирожные
растительное масло
печенье
эскалоп
красное вино,помидоры,макароны,минеральна€ вода,суп,черника
зеленый чай
креветки,замороженные овощи,пармезан,гов€жий фарш,томатный соус,макароны,минеральна€ вода,лосось,рис,аксессуары,шоколад,шампанское,замороженный смузи,свежий хлеб
гов€жий фарш,блинчики,мед
цельнозерновые макароны,минеральна€ вода,молоко,курица,журнал,майонез
минеральна€ вода,шоколад,суп,оливковое масло,низкокалорийный йогурт
индейка,тертый сыр,травы и перец,замороженные овощи,макароны,минеральна€ вода,молоко,€йца,жевательна€ резинка,морковь,картофель-фри,низкокалорийный йогурт
макароны,минеральна€ вода,торт,растительное масло,шоколад
курица,€йца,рис
креветки,молоко,€йца,торт
замороженные овощи,макароны,минеральна€ вода,торт,рис,цукини
макароны,€йца
рис,курица,баклажаны,зеленый чай,картофель-фри
энергетический напиток
белый сыр,€йца,йогурт
шоколад,тертый сыр,лосось,растительное масло
гамбургер,миндаль,€йца,замороженный смузи
гамбургер,€йца,печенье
шоколад,макароны,клубника,зеленый чай
курица,белый сыр,энергетический напиток
макароны,минеральна€ вода,блинчики
торт,печенье
картофель-фри
креветки,макароны,минеральна€ вода,картофель-фри
минеральна€ вода,курица,клубника
суп,замороженный смузи,йогурт
макароны
травы и перец,минеральна€ вода,миндаль
молоко,€йца
солень€,шоколад,суп,картофель-фри
пармезан,замороженный смузи,грибной соус,творог,пирожные,йогурт,зеленый чай
лосось,низкокалорийный крем,эскалоп,лук-шалот,хот-дог,белое вино
гамбургер,замороженные овощи,помидоры,кукуруза,€годный сок,печенье
тертый сыр,креветки,макароны,минеральна€ вода,оливковое масло,сыр,блинчики,зелена€ фасоль,замороженный смузи,печенье,энергетический напиток
сливочное масло
бекон
замороженные овощи,минеральна€ вода,морковь,картофель-фри
индейка,дын€
гамбургер,французское вино,торт
€йца,рис,энергетический напиток
картофель-фри,эскалоп,макароны,грибной соус
черника
картофель-фри
гамбургер,помидоры,гов€жий фарш,минеральна€ вода,€йца,торт,зеленый чай
макароны,минеральна€ вода,рис,растительное масло
гамбургер,€йца,грибной соус,зеленый чай
макароны,минеральна€ вода,суп,оливковое масло,блинчики,рис,низкокалорийный крем,зеленый чай
молоко,блинчики,€йца
ветчина,гов€жий фарш,минеральна€ вода,суп,торт
индейка,тертый сыр,макароны,рис,морковь,зеленый чай,низкокалорийный йогурт
макароны,минеральна€ вода,овощна€ смесь,торт,замороженный смузи,творог,зеленый чай
цельнозерновые макароны,молоко,зеленый чай
€йца
энергетический батончик
низкокалорийный крем
индейка,свежий тунец,минеральна€ вода,курица,белый сыр,мед,зеленый чай
сливочное масло,€йца
креветки,замороженные овощи,перец,макароны,торт,шоколад,низкокалорийный йогурт
минеральна€ вода,овощна€ смесь,соус дл€ барбекю,баклажаны,эскалоп
эскалоп
перец,рис
минеральна€ вода,суп,молоко,картофельное пюре,томатный сок,свежий хлеб,конфеты
травы и перец,креветки,макароны
шоколад,пармезан
гамбургер,цельнозерновые макароны,оливковое масло,зеленый чай
темный шоколад,зеленый чай,печенье
€йца
творог
помидоры,пармезан,молоко,французское вино,свежий хлеб
креветки,овощна€ смесь,печенье,грибной соус
красное вино,морковь,томатный сок
шоколад,гов€жий фарш
травы и перец,м€тный зеленый чай
картофель-фри
свежий тунец,цельнозерновые макароны,перец,минеральна€ вода,фрикадельки,молоко,оливковое масло,курица,бекон,торт,жевательна€ резинка,блинчики,йогурт,томатный сок,журнал
креветки,гов€жий фарш,€йца
томатный сок
креветки,замороженные овощи,авокадо,замороженный смузи
гамбургер,€йца,картофель-фри,блинчики
минеральна€ вода
креветки,молоко,картофель-фри
хлопь€,картофель-фри,низкокалорийный майонез
€йца,торт,низкокалорийный майонез
дезодорант,йогурт
молоко,творог
овощна€ смесь,энергетический напиток
минеральна€ вода
гамбургер,замороженные овощи,цельнозерновые макароны,молоко,зеленый чай
тертый сыр,батат,маффины,масло,протеиновый батончик
гов€жий фарш,макароны,баклажаны,зеленый чай
пирожные
цельнозерновые макароны,гов€жий фарш,минеральна€ вода,шоколад,€йца,хот-дог
красное вино,овощна€ смесь,грибной соус
пирожные
шоколад,лосось,картофель-фри,печенье,томатный сок
шоколад,замороженные овощи,гов€жий фарш,минеральна€ вода,мед,энергетический напиток,зеленый чай
индейка,минеральна€ вода,авокадо,мед,зеленый чай
тертый сыр,печенье
гов€жий фарш,минеральна€ вода,€йца,газированна€ вода,низкокалорийный йогурт
курица,рис
блинчики
рис
шоколад,макароны,минеральна€ вода,суп,творог
индейка,черника,белое вино
макароны,минеральна€ вода,дезодорант,протеиновый батончик
пармезан
шпинат,кетчуп,блинчики,томатный сок,зеленый чай
аксессуары,€годный сок,зеленый чай
красное вино,минеральна€ вода,шоколад,сливочное масло,хлопь€,€годный сок,протеиновый батончик
замороженные овощи,эскалоп
креветки
гамбургер,минеральна€ вода,суп,хлопь€
помидоры,молоко,рис
замороженные овощи,суп,молоко,оливковое масло
индейка,шпинат,€йца
гамбургер
темный шоколад
шоколад
гов€жий фарш
эскалоп
газированна€ вода
гов€жий фарш,миндаль
гамбургер,€йца,замороженный смузи,дезодорант
креветки,макароны,энергетический батончик
макароны,французское вино,лосось,замороженный смузи,творог
€годный сок
молоко,печенье
помидоры,сем€ льна,эскалоп,грибной соус,блинчики,зеленый чай
минеральна€ вода,рис,картофель-фри,эскалоп,хот-дог,творог,блинчики,зеленый чай
макароны,маффины
ветчина,маффины,€йца,картофель-фри,творог,свежий хлеб
минеральна€ вода
€йца,белое вино
свежий тунец,гов€жий фарш,шоколад,сливочное масло,€йца,рис,курица,зеленый чай,картофель-фри
мед,цукини
шоколад,креветки,хлопь€,шампанское,зеленый чай
шампанское
жевательна€ резинка,эскалоп,грибной соус
индейка,тертый сыр,минеральна€ вода,молоко,сливочное масло,рис
макароны,суп,оливковое масло,торт,темный шоколад
минеральна€ вода,рис,творог,блинчики
гамбургер
замороженные овощи,гов€жий фарш,минеральна€ вода,французское вино,чатни,курица,баклажаны
макароны,минеральна€ вода,картофель-фри
картофель-фри,эскалоп
энергетический напиток
тертый сыр,цельнозерновые макароны,минеральна€ вода,шоколад,молоко,оливковое масло,французское вино
шоколад,миндаль,зеленый виноград,€йца,торт,картофель-фри,эскалоп
молоко,свежий хлеб
замороженные овощи,помидоры,пармезан
эскалоп
пармезан,французское вино
тертый сыр,травы и перец,минеральна€ вода,лосось,курица,печенье,протеиновый батончик,свежий хлеб,цукини
креветки
молоко,лук-шалот,творог,томатный сок,зеленый чай
индейка,шпинат,картофель-фри
минеральна€ вода,дезодорант
солень€,пармезан,макароны,суп,энергетический батончик,€йца,торт,пирожные,энергетический напиток
перец,макароны,черный чай,французское вино,йогурт
молоко,йогурт
суп,дын€,салат
травы и перец,гов€жий фарш,перец,томатный соус,минеральна€ вода,чатни,€йца,масло,овс€на€ каша,шоколад,пирожные
шампанское
гамбургер,минеральна€ вода,суп,эскалоп
креветки,оливковое масло,рис,шоколад,томатный сок
шоколад,тертый сыр,томатный соус,макароны,баклажаны,шампанское,свежий хлеб,низкокалорийный йогурт
макароны,фрикадельки,шоколад,эскалоп
маффины
замороженные овощи,минеральна€ вода,хот-дог,цветна€ капуста
помидоры,шоколад,черный чай,мед,шампанское
пармезан,рис
цельнозерновые макароны,минеральна€ вода
шоколад
тертый сыр,замороженные овощи,белый сыр,шоколад,картофель-фри,эскалоп
гамбургер,€йца
€йца
минеральна€ вода,маффины,картофель-фри
травы и перец,креветки,пармезан,цельнозерновые макароны,фрикадельки,молоко,миндаль,€йца
травы и перец,черный чай,клубника
макароны,шоколад
цельнозерновые макароны,минеральна€ вода,оливковое масло,торт,картофель-фри,клубника,блинчики,низкокалорийный майонез
гамбургер,белый сыр,мед
креветки,макароны,сливочное масло,блинчики,мед,морковь
минеральна€ вода,суп,молоко,оливковое масло,растительное масло
креветки
шоколад,творог
цельнозерновые макароны,лосось,овощна€ смесь
макароны,шоколад,энергетический батончик,картофель-фри,конфеты,зеленый чай
индейка,гов€жий фарш,фрикадельки,баклажаны,эскалоп
ветчина,красное вино,перец,макароны,сем€ льна,рис
молоко,масло,морковь,замороженный смузи,хот-дог,томатный сок
печенье
минеральна€ вода,молоко,курица,овощна€ смесь,зеленый чай
гамбургер,макароны
индейка,макароны
индейка,креветки,макароны,минеральна€ вода,молоко,газированна€ вода,соус дл€ гамбургеров,спаржа
гамбургер,креветки,замороженные овощи,гов€жий фарш,фрикадельки,рис,соус дл€ барбекю,газированна€ вода,зеленый чай
креветки,гов€жий фарш,макароны,авокадо,торт,блинчики,белое вино,зубна€ паста
овощна€ смесь,картофель-фри,свежий хлеб
гамбургер,креветки,минеральна€ вода,миндаль,овощна€ смесь,мед,клубника,конфеты
минеральна€ вода,рис,цукини
свежий тунец,минеральна€ вода,миндаль,сидр,рис,морковь,эскалоп,зеленый чай
журнал
шоколад
грибной соус
красное вино,гов€жий фарш,макароны,авокадо,€йца
шоколад,картофель-фри
суп,оливковое масло
индейка,€йца,кетчуп,картофель-фри
тертый сыр
€йца
картофель-фри
минеральна€ вода,€йца
цельнозерновые макароны
свежий тунец
€йца,макароны
€йца,печенье
перец,минеральна€ вода,молоко,€йца,рис,замороженный смузи
минеральна€ вода,молоко,блинчики,темный шоколад,низкокалорийный йогурт
молоко,сем€ льна,миндаль,€йца,растительное масло,шоколад,картофель-фри,журнал
€йца
минеральна€ вода
€йца
€йца,эскалоп
помидоры,цельнозерновые макароны,макароны,шоколад,молоко,картофель-фри,блинчики,майонез
индейка,оливковое масло,курица,замороженный смузи,свежий хлеб,низкокалорийный йогурт
индейка,пармезан,макароны,французское вино,лосось,€йца,шампанское,низкокалорийный йогурт
перец,макароны,черника,эскалоп,лук-шалот,низкокалорийный йогурт
травы и перец,помидоры,макароны,минеральна€ вода,лосось,€йца
гамбургер,креветки,цельнозерновые макароны,оливковое масло,€йца,печенье,энергетический напиток,свежий хлеб
макароны,черный чай,картофель-фри,эскалоп
шоколад,замороженные овощи,цельнозерновые макароны,минеральна€ вода,оливковое масло,энергетический батончик,курица,белое вино
замороженные овощи,помидоры,минеральна€ вода,€йца,зеленый чай,томатный сок
замороженные овощи,гов€жий фарш,шоколад,рис,картофель-фри,свежий хлеб
помидоры,сливочное масло,чатни,зеленый чай
молоко,картофель-фри
замороженные овощи,гов€жий фарш,минеральна€ вода,шоколад,суп,молоко,зеленый чай
картофель-фри,печенье
€йца,картофель-фри
сем€ льна
блинчики,торт,растительное масло
зубна€ паста
фрикадельки,рис,торт
минеральна€ вода,суп,жевательна€ резинка
травы и перец,томатный соус,минеральна€ вода,морковь,хлопь€
ветчина,травы и перец,цельнозерновые макароны,макароны,суп,молоко,оливковое масло,сливочное масло,рис
креветки,минеральна€ вода,блинчики
сливочное масло,курица,картофель-фри
цельнозерновые макароны,минеральна€ вода,низкокалорийный крем,темный шоколад,аксессуары,блинчики
€йца
минеральна€ вода,фрикадельки,молоко,энергетический батончик,шоколад,картофель-фри,низкокалорийный йогурт
тертый сыр,минеральна€ вода
зубна€ паста
тертый сыр,макароны,оливковое масло,€йца,рис,торт,курица,белое вино
средство от насекомых,протеиновый батончик
креветки,замороженные овощи,минеральна€ вода,овощна€ смесь,€йца,рис
макароны,минеральна€ вода,лосось
торт
пирожные
суп,€йца,торт
минеральна€ вода,€йца,масло,протеиновый батончик,зеленый чай
гамбургер,гов€жий фарш,макароны,лосось,€йца,мед,темный шоколад,эскалоп,протеиновый батончик
картофель-фри,замороженный смузи,творог
маффины,рис,торт,свежий хлеб
замороженные овощи,минеральна€ вода,фрикадельки,рис,шоколад
свежий тунец,помидоры,гов€жий фарш,макароны,минеральна€ вода,оливковое масло,французское вино,блинчики,растительное масло
ветчина,замороженные овощи,€йца,м€тный зеленый чай,картофель-фри,блинчики,низкокалорийный йогурт
цельнозерновые макароны,молоко,блинчики,€йца
макароны,минеральна€ вода,€йца,творог,цукини
травы и перец,мед
эскалоп
шоколад,торт,хлопь€,печенье,томатный сок,зеленый чай
минеральна€ вода,€йца,мед,протеиновый батончик
креветки,минеральна€ вода
индейка,замороженные овощи,минеральна€ вода
томатный сок
зеленый чай
травы и перец,растительное масло
печенье
индейка,тертый сыр,авокадо,сливочное масло,растительное масло,свежий хлеб
индейка,травы и перец,цельнозерновые макароны,макароны,минеральна€ вода
минеральна€ вода,энергетический напиток
травы и перец,макароны,€йца,торт,протеиновый батончик
печенье
печенье
минеральна€ вода,торт,низкокалорийный йогурт
минеральна€ вода,м€тный зеленый чай,эскалоп
свежий тунец,оливковое масло,лосось,€йца,дын€
индейка,пармезан,молоко,зеленый чай,шоколад
гов€жий фарш,макароны,минеральна€ вода,фрикадельки,овощна€ смесь
томатный сок
красное вино,батат,минеральна€ вода,оливковое масло,€йца,шоколад,хот-дог,клубника
гамбургер,грибной соус,низкокалорийный йогурт
ветчина,минеральна€ вода,суп,миндаль,низкокалорийный крем,курица,шоколад,картофель-фри,печенье
замороженные овощи,минеральна€ вода,энергетический батончик,белый сыр,торт,пирожные,энергетический напиток
гов€жий фарш,перец,макароны,минеральна€ вода,зеленый виноград,зеленый чай,эскалоп
помидоры,зеленый чай
молоко
гов€жий фарш,минеральна€ вода,суп,молоко
печенье
тертый сыр,макароны,минеральна€ вода,хлопь€
гов€жий фарш,молоко,рис,зеленый чай
гамбургер,батат,сливочное масло,торт,чили,шоколад
блинчики
креветки,минеральна€ вода,черный чай,миндаль,курица,баклажаны
шоколад,торт
минеральна€ вода,шоколад,эскалоп
батат
минеральна€ вода,авокадо
травы и перец,курица,печенье
свежий тунец,замороженные овощи
низкокалорийный йогурт
индейка,белый сыр,блинчики,мед,рис,кетчуп,картофель-фри,томатный сок
минеральна€ вода,жевательна€ резинка,зеленый чай,печенье
гамбургер,помидоры,минеральна€ вода,суп,молоко
белое вино
тертый сыр,травы и перец,перец,молоко,сливочное масло,обезжиренное молоко,€йца,растительное масло,курица,хот-дог,низкокалорийный йогурт
замороженные овощи,минеральна€ вода,курица,масло,дезодорант
молоко,клубника,низкокалорийный йогурт
красное вино,гов€жий фарш,минеральна€ вода,оливковое масло,низкокалорийный крем,батончик без глютена,низкокалорийный йогурт
печенье
€годный сок,картофель-фри,блинчики,низкокалорийный майонез
травы и перец,цельнозерновые макароны,молоко,оливковое масло
шоколад,гов€жий фарш,молоко,курица,свежий хлеб
молоко,лосось,зеленый чай
курица
низкокалорийный йогурт
французское вино,овощна€ смесь
травы и перец,гов€жий фарш,шоколад
энергетический батончик,блинчики,шампанское
травы и перец,минеральна€ вода,€йца,торт,хлопь€,пирожные,блинчики,томатный сок,низкокалорийный йогурт,зеленый чай
€йца
минеральна€ вода,молоко,темный шоколад,протеиновый батончик,цукини,зеленый чай
шоколад
гамбургер,красное вино,гов€жий фарш,минеральна€ вода,блинчики,мед,жевательна€ резинка
креветки,пармезан
грибной соус,сэндвич
минеральна€ вода
помидоры,макароны,печенье
индейка,замороженные овощи,гов€жий фарш,минеральна€ вода,низкокалорийный йогурт
индейка,растительное масло,шоколад,грибной соус,творог
печенье
торт,картофель-фри,блинчики
шоколад
гамбургер,черный чай,€йца,печенье
энергетический батончик
торт,картофель-фри,энергетический напиток
гов€жий фарш,минеральна€ вода,молоко,блинчики,€йца,творог,свежий хлеб
гов€жий фарш,кукуруза,цветна€ капуста
травы и перец,гов€жий фарш,макароны,мед,картофель-фри,блинчики,низкокалорийный йогурт
молоко,сливочное масло,курица,€йца,рис,торт,морковь,баклажаны,журнал
индейка,минеральна€ вода,молоко,обезжиренное молоко,блинчики
чатни,овощна€ смесь
минеральна€ вода,курица,блинчики,растительное масло,печенье,творог,зеленый чай
пармезан,авокадо,молоко,энергетический батончик,лосось,печенье
шоколад,эскалоп
фрикадельки,миндаль
миндаль,€йца,йогурт
замороженный смузи,блинчики
салат
€йца,печенье
печенье
помидоры,фрикадельки,курица,€йца
помидоры,шоколад,€йца,блинчики
€йца,рис
травы и перец
обезжиренное молоко,эскалоп
картофель-фри,йогурт
печенье
замороженные овощи
батат,баклажаны
€йца
печенье
шоколад,блинчики,низкокалорийный крем,чили,темный шоколад
цельнозерновые макароны,картофель-фри,пирожные
гов€жий фарш,печенье,зубна€ паста,зеленый чай
ветчина,рис,картофель-фри,шампанское,цветна€ капуста
рис
креветки,молоко,сливочное масло,торт,кекс,зеленый чай
минеральна€ вода,газированна€ вода,йогурт,энергетический напиток,низкокалорийный майонез
картофель-фри,эскалоп,макароны,грибной соус,зеленый чай
гов€жий фарш,макароны,батат,€йца,печенье,грибной соус
замороженные овощи,картофель-фри
гов€жий фарш,макароны,минеральна€ вода,шоколад,лосось,курица,шоколад,замороженный смузи
пармезан,хот-дог
растительное масло,творог
травы и перец,овощна€ смесь,аксессуары
молоко,€йца,соус дл€ гамбургеров,растительное масло,сэндвич
шоколад,торт,творог,зеленый чай
€йца,шоколад,йогурт
свежий тунец,макароны,французское вино,торт,клубника
индейка,минеральна€ вода,молоко,€йца,растительное масло
гов€жий фарш,макароны,минеральна€ вода,белый сыр,бекон,блинчики,рис,масло,картофель-фри,творог,зеленый чай
рис,хот-дог
фрикадельки,энергетический напиток,свежий хлеб
гамбургер,тертый сыр,замороженные овощи,гов€жий фарш,макароны,минеральна€ вода,суп,€йца,картофель-фри
замороженные овощи,торт,картофель-фри,блинчики
печенье
гамбургер,минеральна€ вода,рис
картофель-фри
замороженные овощи,кетчуп,зеленый чай
замороженные овощи
минеральна€ вода,овощна€ смесь,€йца,торт,курица,картофель-фри
ветчина,печенье
травы и перец,гов€жий фарш,пирожные,низкокалорийный йогурт
клубника,дын€
маффины
макароны,черный чай,сыр,растительное масло,грибной соус
зеленый виноград
€йца,эскалоп
замороженные овощи,€йца
гамбургер,€йца,картофель-фри
замороженный смузи
минеральна€ вода,зеленый чай
пармезан,гов€жий фарш,макароны,молоко,мед
€йца,растительное масло
макароны,минеральна€ вода,молоко,оливковое масло,ветчина,м€тный зеленый чай,картофель-фри
гамбургер,свежий тунец,€йца,картофель-фри,шампанское
индейка,гов€жий фарш,лосось,мед
минеральна€ вода,торт,жевательна€ резинка
печенье,пирожные,блинчики
печенье
детска€ еда,свежий хлеб
эскалоп
низкокалорийный йогурт
минеральна€ вода
молоко,печенье
овощна€ смесь
макароны
минеральна€ вода
макароны,минеральна€ вода,оливковое масло,зеленый чай,цукини
картофель-фри
суп,авокадо,€йца,дын€,белое вино
минеральна€ вода,маффины
шоколад,печенье,шампанское,энергетический напиток,зеленый чай
креветки,энергетический напиток,зеленый чай
блинчики
низкокалорийный йогурт
красное вино,цельнозерновые макароны,авокадо,оливковое масло,зеленый чай
протеиновый батончик
тертый сыр,гов€жий фарш,томатный соус,минеральна€ вода,лосось,€йца,цельнозернова€ мука,протеиновый батончик,цукини
печенье
гамбургер,замороженные овощи,курица,торт,шоколад
черный чай,овощна€ смесь,блинчики,€йца,хлопь€
индейка,минеральна€ вода,€йца,журнал,зеленый чай
цельнозерновые макароны,молоко,сыр
маффины
гамбургер,ветчина
минеральна€ вода,молоко,черника
сливочное масло
минеральна€ вода
ветчина,лосось,картофель-фри
травы и перец,креветки,замороженные овощи,гов€жий фарш,макароны,минеральна€ вода,оливковое масло,курица,€йца,рис,соус дл€ гамбургеров,темный шоколад,протеиновый батончик
молоко,средство от насекомых,зеленый чай,энергетический напиток,протеиновый батончик,томатный сок
печенье,зеленый чай
пармезан,блинчики
минеральна€ вода
минеральна€ вода,блинчики
печенье
замороженные овощи,помидоры
перец,масло,аксессуары,шоколад,соль,зеленый чай
минеральна€ вода,фрикадельки,курица,замороженный смузи
макароны,черника
креветки,французское вино
шампанское
тертый сыр,креветки,замороженные овощи,пармезан,гов€жий фарш,курица,€годный сок,шоколад,замороженный смузи,эскалоп
минеральна€ вода
низкокалорийный майонез,томатный сок
шоколад,картофель-фри,лук-шалот,низкокалорийный йогурт,зеленый чай
креветки,фрикадельки,мед,баклажаны,шоколад,сэндвич,детска€ еда
пармезан,€йца,творог,низкокалорийный майонез
€йца
красное вино,замороженные овощи,перец,зелена€ фасоль,картофель-фри,низкокалорийный майонез,зеленый чай
макароны
низкокалорийный майонез
гамбургер,макароны,энергетический батончик,€йца,грибной соус,йогурт,зеленый чай
тертый сыр,перец,молоко
перец,макароны,минеральна€ вода,молоко,оливковое масло,чай,спаржа
травы и перец,креветки,пармезан,гов€жий фарш,€йца,аксессуары,блинчики
молоко,шоколад,шампанское
сэндвич
креветки
жевательна€ резинка
картофель-фри
индейка,креветки,макароны,сливочное масло,дын€,низкокалорийный йогурт
мед,энергетический напиток
шампанское
свежий тунец
энергетический батончик,€йца,шоколад
картофель-фри,йогурт,зеленый чай
миндаль,печенье
замороженные овощи,пирожные,низкокалорийный йогурт
€йца,картофель-фри
пирожные
эскалоп
красное вино,черный чай,французское вино,темный шоколад,ветчина,соль
макароны,овощна€ смесь,картофель-фри
гов€жий фарш,молоко,сливочное масло,€йца
минеральна€ вода,свежий хлеб
свежий тунец,замороженные овощи,помидоры,макароны,сливочное масло,миндаль,блинчики,мед,замороженный смузи
эскалоп,макароны,грибной соус,пирожные,низкокалорийный майонез,свежий хлеб,зеленый чай
маффины,блинчики,€йца,шоколад,картофель-фри,эскалоп,зеленый чай
зеленый чай
травы и перец,сидр,€йца,шампанское,зеленый чай
обезжиренное молоко
эскалоп
перец,замороженный смузи
шоколад,эскалоп
травы и перец,макароны,минеральна€ вода,маффины
ветчина,макароны,авокадо,молоко,блинчики,€йца,масло,€годный сок,зеленый чай,шоколад,замороженный смузи,эскалоп
клубника,свежий хлеб
€йца,белое вино
индейка,гамбургер,макароны,молоко,€йца,мед
минеральна€ вода,лосось
печенье,энергетический напиток
печенье,грибной соус
йогурт
сливочное масло,энергетический напиток
энергетический батончик,курица
картофель-фри
гов€жий фарш,минеральна€ вода,творог,журнал
гамбургер,€йца,зеленый чай
€йца
замороженные овощи,молоко,шоколад,йогурт
хот-дог
печенье
блинчики
перец,оливковое масло,низкокалорийный йогурт
детска€ еда
шоколад,лосось,блинчики,батончик без глютена,зеленый чай
минеральна€ вода,картофель-фри,замороженный смузи,зеленый чай
мед
ветчина,минеральна€ вода,блинчики,торт
макароны,сем€ льна,картофель-фри,шампанское
минеральна€ вода,овощна€ смесь,мед,шоколад,картофель-фри,низкокалорийный майонез
травы и перец,гов€жий фарш,макароны,шоколад,картофель-фри
индейка,гамбургер,молоко,мед,шоколад,картофель-фри,зеленый чай
гамбургер,свежий тунец,суп,картофель-фри,дезодорант,зеленый чай
торт,эскалоп
свежий хлеб
баклажаны,печенье,блинчики
эскалоп
креветки,замороженные овощи,рис,кекс,картофель-фри,свежий хлеб,зеленый чай
минеральна€ вода,рис,средство от насекомых,курица
минеральна€ вода,шоколад
индейка,перец,фрикадельки,кукуруза,чили,картофель-фри,зеленый чай
замороженные овощи,пармезан,овощна€ смесь,рис,шоколад,картофель-фри,зеленый чай
зеленый чай
томатный соус,шоколад,блинчики
гамбургер,гов€жий фарш,энергетический напиток,дын€
гов€жий фарш,томатный соус,минеральна€ вода,суп,лосось,зеленый виноград,цельнозернова€ мука,замороженный смузи
суп,молоко,мед,рис,низкокалорийный крем,грибной соус,зеленый чай
авокадо,шампанское,замороженный смузи,газированна€ вода,зеленый чай
замороженные овощи,помидоры,минеральна€ вода,€йца,рис,картофель-фри,клубника
торт
€йца,картофель-фри,салат
€йца,эскалоп
красное вино,макароны,суп,€йца,эскалоп,энергетический напиток
торт
помидоры
шоколад,эскалоп,шампанское
курица,рис,ветчина,картофель-фри,блинчики
гов€жий фарш,молоко,картофель-фри,газированна€ вода
печенье,хот-дог,блинчики
минеральна€ вода,шоколад,молоко,€йца,зеленый чай,замороженный смузи,протеиновый батончик
€йца
гов€жий фарш
молоко,низкокалорийный крем,курица,темный шоколад
молоко,оливковое масло,сливочное масло,замороженный смузи,низкокалорийный йогурт
гамбургер,€йца,растительное масло
макароны,курица,€йца,растительное масло,чили
зеленый чай
травы и перец,лосось,€йца,картофель-фри,клубника,конфеты
травы и перец,курица,картофель-фри,творог,томатный сок
помидоры,белый сыр,шоколад
замороженные овощи,помидоры,овощна€ смесь,протеиновый батончик
тертый сыр,шоколад
тертый сыр,минеральна€ вода,молоко,курица,€йца
гамбургер,травы и перец,красное вино,помидоры,гов€жий фарш,томатный соус,макароны,молоко,бекон,€йца,белое вино
шоколад,гов€жий фарш,минеральна€ вода
индейка,травы и перец,макароны,рис,растительное масло,баклажаны,белое вино,журнал
помидоры,томатный соус,макароны,оливковое масло,масло,шоколад
минеральна€ вода,молоко,шоколад
тертый сыр,зеленый чай
помидоры,низкокалорийный йогурт
помидоры,макароны,оливковое масло,миндаль,€йца
индейка,ветчина,шоколад,помидоры,гов€жий фарш,перец,оливковое масло,блинчики,ежевика,зеленый чай
печенье
шоколад,молоко,лосось,шпинат,морковь
ветчина,креветки,молоко,сем€ льна,лосось,кукуруза,ветчина,баклажаны
аксессуары,протеиновый батончик,томатный сок,свежий хлеб,низкокалорийный йогурт,м€та
гамбургер,красное вино,растительное масло
гамбургер,картофель-фри
помидоры,минеральна€ вода,курица,€йца,блинчики
замороженные овощи,минеральна€ вода,овощна€ смесь,зеленый виноград,€йца,картофель-фри,эскалоп,дезодорант,протеиновый батончик,м€та
травы и перец,креветки,суп,фрикадельки
травы и перец
€йца,эскалоп
гов€жий фарш,шоколад,шампанское
замороженные овощи,гов€жий фарш,суп,молоко,чай,низкокалорийный йогурт
травы и перец,макароны,минеральна€ вода,блинчики,растительное масло,морковь,шоколад,эскалоп,низкокалорийный йогурт
травы и перец
красное вино,макароны
креветки
блинчики,€йца,низкокалорийный крем
авокадо,энергетический напиток,низкокалорийный йогурт
энергетический батончик,обезжиренное молоко,средство от насекомых,курица
гамбургер,свежий тунец,травы и перец,креветки,цельнозерновые макароны,молоко,сидр,€йца,хлопь€,блинчики,энергетический напиток
€йца,растительное масло,шоколад,картофель-фри,грибной соус,блинчики,низкокалорийный майонез,низкокалорийный йогурт
индейка,€йца
креветки,замороженные овощи,минеральна€ вода,молоко
тертый сыр,травы и перец,пармезан,цельнозерновые макароны,гов€жий фарш,макароны,батат,молоко,низкокалорийный йогурт
десертное вино,суп,€йца,низкокалорийный йогурт
индейка,зеленый виноград,€йца
минеральна€ вода,свежий хлеб
минеральна€ вода,зеленый чай
тертый сыр,растительное масло,низкокалорийный майонез
рис
замороженный смузи
шоколад,гов€жий фарш,макароны,€йца,печенье,грибной соус
пармезан,торт,зеленый чай
шоколад,печенье
индейка,красное вино,гов€жий фарш,минеральна€ вода,молоко,рис,блинчики
зеленый чай
минеральна€ вода,молоко,обезжиренное молоко,блинчики,мед,растительное масло,замороженный смузи,пирожные,томатный сок
гамбургер,замороженные овощи,помидоры,сыр,маффины,€йца,картофель-фри,йогурт,низкокалорийный майонез,зеленый чай
лосось
помидоры,курица,€йца
замороженные овощи,минеральна€ вода,молоко
оливковое масло,лосось,низкокалорийный крем,цукини
замороженные овощи,рис,низкокалорийный майонез
индейка,помидоры,макароны,молоко
шоколад
цельнозерновые макароны,оливковое масло
шоколад,минеральна€ вода,€йца,рис
энергетический батончик
макароны,блинчики
мед,шампанское,эскалоп,макароны,грибной соус
индейка,молоко,блинчики
зеленый чай
индейка,гамбургер
гамбургер,€йца
гамбургер,французское вино,зеленый чай
картофель-фри,блинчики,низкокалорийный майонез
замороженные овощи,гов€жий фарш,минеральна€ вода,мед,зеленый чай
шампанское
замороженные овощи,энергетический батончик
шоколад,€йца,картофель-фри,энергетический напиток
суп,курица,€йца,низкокалорийный крем,растительное масло,хлопь€,зеленый чай
макароны,€йца,баклажаны
энергетический напиток
суп,газированна€ вода
травы и перец,минеральна€ вода,молоко,рис,соль,белое вино
минеральна€ вода,зеленый чай
овощна€ смесь,хлопь€,зеленый чай
шоколад
картофель-фри,блинчики
тертый сыр,травы и перец,гов€жий фарш,макароны,сливочное масло,сидр,бекон,блинчики,газированна€ вода,салфетки,низкокалорийный йогурт,зеленый чай
минеральна€ вода,суп,€йца,шоколад,замороженный смузи,протеиновый батончик
зеленый чай
гамбургер,тертый сыр,травы и перец,красное вино,гов€жий фарш,минеральна€ вода,шоколад,авокадо,рис,хлопь€,блинчики,зубна€ паста,зеленый чай
черный чай,курица,€йца,картофель-фри,энергетический напиток
гамбургер,макароны,€йца
лосось,йогурт
молоко,лосось,хлопь€
минеральна€ вода,молоко,торт,пирожные
€йца
гамбургер,€йца,соус дл€ барбекю
молоко,аксессуары,низкокалорийный йогурт
замороженные овощи,цельнозерновые макароны,оливковое масло
печенье
пармезан,курица
замороженные овощи,минеральна€ вода,молоко,оливковое масло,овощна€ смесь,€йца,пирожные,низкокалорийный йогурт,конфеты
молоко
индейка,замороженные овощи
гамбургер,эскалоп,макароны
тертый сыр,замороженные овощи,помидоры,шоколад,эскалоп
картофель-фри
темный шоколад,шампанское,зеленый чай
шампанское
белый сыр,картофель-фри
тертый сыр,красное вино,макароны,рис,корм дл€ животных
курица,€йца,газированна€ вода,шампунь,свежий хлеб,низкокалорийный йогурт
замороженные овощи,перец,макароны,минеральна€ вода,зелена€ фасоль,картофель-фри,замороженный смузи,блинчики,низкокалорийный йогурт
овс€на€ каша,картофель-фри
помидоры,томатный сок
индейка,гамбургер,ветчина,минеральна€ вода,энергетический батончик,французское вино,замороженный смузи,эскалоп,сэндвич,йогурт,свежий хлеб
минеральна€ вода,баклажаны,хлопь€,€годный сок
тертый сыр,макароны,минеральна€ вода,рис,торт,картофель-фри,шампанское
индейка,шоколад,шампанское,эскалоп,сэндвич
клубника,зеленый чай
шоколад,макароны,минеральна€ вода,торт
лосось
€йца
молоко,чай,замороженный смузи,томатный сок
индейка,гамбургер,замороженные овощи,помидоры,пармезан,макароны,минеральна€ вода,шоколад,молоко,овощна€ смесь,рис,грибной соус
гамбургер,картофель-фри
креветки,перец,сливочное масло,рис,торт,шоколад,замороженный смузи
макароны,минеральна€ вода,молоко,овощна€ смесь,жевательна€ резинка,хлопь€,картофель-фри,замороженный смузи,блинчики,томатный сок,низкокалорийный йогурт
минеральна€ вода,энергетический батончик
энергетический батончик,€йца,клубника
корм дл€ животных
красное вино,макароны
гамбургер,€йца
замороженные овощи,пармезан,молоко,лосось,маффины,€йца,курица,картофель-фри,протеиновый батончик,соль
минеральна€ вода,фрикадельки,французское вино,зеленый чай,блинчики,низкокалорийный майонез
торт,масло
рис,кекс,дезодорант,батончик без глютена,свежий хлеб
минеральна€ вода,молоко,овощна€ смесь,рис,кекс,баклажаны,хлопь€,€годный сок,картофель-фри
белый сыр,шоколад,картофель-фри
рис
овощна€ смесь,печенье,грибной соус,хот-дог
замороженные овощи,овощна€ смесь,€йца,низкокалорийный майонез,низкокалорийный йогурт
травы и перец,макароны,пирожные,м€та
эскалоп,макароны
блинчики
сэндвич
картофель-фри,шампанское,хот-дог,клубника
гамбургер,€йца,картофель-фри
блинчики
замороженные овощи,минеральна€ вода,фрикадельки,хлопь€,замороженный смузи,творог,блинчики,спаржа,низкокалорийный йогурт
травы и перец,замороженные овощи,молоко
рис,торт,жевательна€ резинка,аксессуары,зеленый чай,замороженный смузи
минеральна€ вода
цельнозерновые макароны,макароны,молоко,сливочное масло,€йца,шоколад,картофель-фри
креветки,помидоры,шоколад,кукуруза,эскалоп,творог,энергетический напиток,шампунь,свежий хлеб
картофель-фри,йогурт
красное вино,пармезан,минеральна€ вода,торт,рис,картофель-фри
блинчики
пармезан,лук-шалот,пирожные
замороженные овощи,гов€жий фарш,макароны,свежий хлеб
молоко
красное вино,гов€жий фарш,молоко,оливковое масло,миндаль,рис,картофель-фри,пирожные
торт,картофель-фри,хот-дог,газированна€ вода
гамбургер,макароны,молоко,хлопь€,клубника,салат,журнал
гамбургер,свежий тунец,шоколад
цельнозерновые макароны
печенье
креветки
€йца,картофель-фри
€йца,картофель-фри,протеиновый батончик
шоколад,макароны,€йца,зеленый чай
индейка,красное вино,минеральна€ вода,зеленый чай,шоколад,эскалоп,пирожные,блинчики
€йца
креветки,минеральна€ вода,молоко,оливковое масло,хлопь€,йогурт,салат
картофель-фри
травы и перец,гов€жий фарш,суп,авокадо,пирожные,соль
пирожные
минеральна€ вода,хот-дог
солень€
минеральна€ вода,картофель-фри,спаржа
свежий тунец,цельнозерновые макароны,гов€жий фарш,минеральна€ вода,оливковое масло,рис,торт,эскалоп,свежий хлеб
белый сыр,рис
гамбургер,гов€жий фарш
суп,белое вино
эскалоп
авокадо,зеленый виноград,масло,картофель-фри,хот-дог,блинчики,шампунь
шоколад,макароны
эскалоп
солень€,помидоры,молоко,блинчики
€йца,картофель-фри,спаржа
картофель-фри,картофельное пюре
замороженный смузи,м€та,зеленый чай
макароны,авокадо,мед
лосось,обезжиренное молоко
замороженные овощи,минеральна€ вода,суп,авокадо,торт,картофель-фри,шампанское,томатный сок,зеленый чай
лосось,дын€,томатный сок,низкокалорийный йогурт
красное вино,картофель-фри,картофельное пюре,м€та
индейка,ветчина,макароны,соус дл€ барбекю,эскалоп,протеиновый батончик
молоко,€йца
макароны,молоко,оливковое масло,пирожные
гамбургер,красное вино,перец,макароны,€йца,зеленый чай
гамбургер,цельнозерновые макароны,суп,оливковое масло,творог,энергетический напиток
€йца,картофель-фри
шоколад,творог,блинчики
индейка,замороженные овощи,минеральна€ вода,€йца,шоколад,свежий хлеб
минеральна€ вода,французское вино,эскалоп
эскалоп,макароны
зеленый чай
гамбургер,минеральна€ вода,кекс
картофель-фри
замороженные овощи,помидоры
тертый сыр,лосось
зеленый виноград,картофель-фри
травы и перец,гов€жий фарш,шампанское,зеленый чай
индейка,гамбургер,корм дл€ животных
эскалоп
помидоры,цельнозерновые макароны,гов€жий фарш,минеральна€ вода,суп,оливковое масло,черный чай,лосось,торт
шоколад,цельнозерновые макароны,лосось,зеленый чай,журнал
индейка,гамбургер,торт
молоко,обезжиренное молоко,€йца
маффины,мед,зубна€ паста
замороженные овощи,белое вино
рис,картофель-фри,творог
гов€жий фарш,минеральна€ вода,оливковое масло,блинчики,картофель-фри,замороженный смузи
макароны,шоколад,оливковое масло,белый сыр
картофель-фри,печенье,низкокалорийный йогурт
картофель-фри,шампанское,пирожные,зеленый чай
пармезан,цельнозерновые макароны,фрикадельки,молоко,м€та
йогурт
помидоры,маффины,шоколад,картофель-фри,замороженный смузи,эскалоп
клубника,блинчики,йогурт
индейка,гов€жий фарш,перец,минеральна€ вода,суп,фрикадельки,овощна€ смесь,масло,картофель-фри,замороженный смузи,зеленый чай
индейка,креветки,замороженные овощи,молоко,шоколад
гамбургер,минеральна€ вода,€йца
блинчики
пирожные,блинчики
молоко,шампанское
маффины
минеральна€ вода
гамбургер,креветки,замороженные овощи,макароны,суп,торт,картофель-фри,блинчики,томатный сок
творог,протеиновый батончик
гамбургер,€йца,картофель-фри
шампанское
индейка,минеральна€ вода,белый сыр,маффины,баклажаны,томатный сок,журнал
торт,растительное масло,низкокалорийный майонез
клубника
гамбургер,картофель-фри
шоколад,тертый сыр,замороженный смузи,печенье,пирожные
энергетический напиток
газированна€ вода
минеральна€ вода,сем€ льна
индейка,травы и перец,красное вино,пармезан,минеральна€ вода,оливковое масло,бекон,лосось,зеленый чай,картофель-фри,шампанское,творог,томатный сок
тертый сыр,креветки,гов€жий фарш,минеральна€ вода,авокадо,молоко,обезжиренное молоко,растительное масло,морковь,блинчики,низкокалорийный майонез
замороженные овощи,минеральна€ вода,блинчики,низкокалорийный йогурт
суп,клубника,йогурт,низкокалорийный йогурт
макароны,миндаль,французское вино,€йца,торт
молоко,овощна€ смесь,творог,блинчики,зеленый чай
гамбургер,помидоры,макароны,минеральна€ вода,французское вино,€йца,зелена€ фасоль,низкокалорийный майонез,свежий хлеб
минеральна€ вода,овощна€ смесь,маффины
макароны,лосось,маффины
индейка,суп,картофель-фри
ветчина,шоколад,травы и перец,минеральна€ вода,оливковое масло,замороженный смузи
хлопь€,картофель-фри,йогурт
аксессуары,шоколад,макароны,соль
авокадо,печенье
минеральна€ вода,шоколад
шоколад
молоко,дезодорант
шоколад,травы и перец,макароны,минеральна€ вода,сливочное масло,лосось,рис,соус дл€ гамбургеров,темный шоколад,протеиновый батончик,спаржа,майонез
фрикадельки,€йца
зеленый чай,картофель-фри,батончик без глютена
овощна€ смесь,маффины,рис
хот-дог
гамбургер,креветки,макароны,гов€жий фарш,перец,суп,молоко,оливковое масло,эскалоп
мед,шампанское
помидоры,сливочное масло,жевательна€ резинка,растительное масло,шоколад,дезодорант,зеленый чай
замороженные овощи,шоколад
батат
креветки,макароны,минеральна€ вода,молоко,белый сыр,лосось,€йца,растительное масло,блинчики
минеральна€ вода
шоколад
тертый сыр,гов€жий фарш,картофель-фри,хот-дог
макароны,сливочное масло,курица,картофель-фри
макароны,сидр,рис,растительное масло,эскалоп
ветчина,молоко,свежий хлеб
минеральна€ вода,черный чай,€йца,свежий хлеб,м€та
печенье,грибной соус
замороженные овощи,мед,кукуруза,корм дл€ животных
замороженные овощи,молоко,энергетический батончик,французское вино,овощна€ смесь,€йца,чай,шоколад,зеленый чай
цельнозернова€ мука
гамбургер,тертый сыр,замороженные овощи,макароны,фрикадельки,сливочное масло,картофель-фри
печенье
зеленый чай,шоколад,печенье,свежий хлеб
тертый сыр
соль
печенье
€йца,картофель-фри
торт,картофель-фри,пирожные
шампанское
шампанское
зеленый виноград,шоколад,картофель-фри,эскалоп
€йца
зелена€ фасоль
печенье
минеральна€ вода,темный шоколад,шоколад,низкокалорийный йогурт
минеральна€ вода,авокадо
замороженные овощи,минеральна€ вода,курица,белый сыр,€йца,зеленый чай
креветки,макароны,суп,миндаль,шоколад,свежий хлеб
печенье
€йца,печенье
помидоры,минеральна€ вода,€йца,курица,темный шоколад
тертый сыр,минеральна€ вода,оливковое масло,эскалоп,белое вино
печенье
растительное масло,зубна€ паста,низкокалорийный йогурт
шоколад,гов€жий фарш,сливочное масло,йогурт
ветчина,гов€жий фарш,перец,томатный соус,макароны,минеральна€ вода,низкокалорийный крем,картофель-фри,дын€
гов€жий фарш,макароны,минеральна€ вода,низкокалорийный крем
свежий тунец,пармезан,свежий хлеб
низкокалорийный йогурт
оливковое масло,€йца,торт,шоколад
курица,газированна€ вода
креветки,макароны,гов€жий фарш,фрикадельки,масло
помидоры,макароны,минеральна€ вода,блинчики,торт,рис,чили,соль
травы и перец,гов€жий фарш,макароны,оливковое масло,€йца,эскалоп
молоко,курица,торт,баклажаны,замороженный смузи,зеленый чай
гамбургер,€йца,эскалоп
белый сыр
блинчики,шампанское
шоколад,эскалоп,энергетический напиток
низкокалорийный йогурт
печенье
суп,молоко
помидоры
энергетический батончик,€йца
картофель-фри,замороженный смузи,творог
низкокалорийный йогурт
индейка,ветчина,тертый сыр,пармезан,гов€жий фарш,оливковое масло,блинчики
замороженные овощи,минеральна€ вода,мед,творог,свежий хлеб
тертый сыр,минеральна€ вода,курица,обезжиренное молоко,рис,кекс
шоколад,замороженные овощи,макароны,зеленый чай
шоколад,тертый сыр,замороженные овощи,чатни,хлопь€
€йца,баклажаны,картофель-фри,низкокалорийный йогурт
жевательна€ резинка,замороженный смузи,низкокалорийный йогурт
гамбургер,травы и перец,креветки,макароны,молоко,рис,растительное масло,картофель-фри,творог,томатный сок,свежий хлеб,м€та
гамбургер,замороженные овощи,сем€ льна,картофель-фри,йогурт
зеленый чай
сем€ льна,зеленый чай
молоко
€йца,грибной соус
минеральна€ вода,торт
цельнозерновые макароны,макароны,минеральна€ вода,молоко,оливковое масло,лосось,растительное масло,низкокалорийный йогурт,цукини
креветки,макароны,низкокалорийный йогурт
ветчина,гов€жий фарш,макароны,минеральна€ вода,рис,торт,низкокалорийный йогурт
помидоры,миндаль,€йца,печенье,зеленый чай
пармезан,цельнозерновые макароны,пирожные
печенье
гамбургер,пармезан,минеральна€ вода,дын€
дын€
шоколад,креветки,макароны,гов€жий фарш
гамбургер,креветки,макароны,пармезан,суп,€йца,рис,эскалоп
десертное вино,замороженные овощи,молоко,маффины,€йца
гов€жий фарш,курица,хлопь€
миндаль
тертый сыр,макароны,миндаль,мед
замороженные овощи,фрикадельки
сидр,€йца
сидр
гамбургер,ветчина,пармезан,гов€жий фарш,макароны,€йца,печенье
красное вино,мед,рис,шоколад,картофель-фри,пирожные,дезодорант,низкокалорийный майонез
белый сыр,эскалоп,макароны,грибной соус
замороженные овощи,помидоры,гов€жий фарш,макароны,минеральна€ вода,белый сыр,блинчики,рис,черника,хлопь€,эскалоп,майонез
гамбургер,€йца,торт,хлопь€
€йца
травы и перец,гов€жий фарш,€йца,рис,торт,масло,свежий хлеб,низкокалорийный йогурт
€йца,картофель-фри,пирожные,низкокалорийный йогурт
йогурт
индейка,гамбургер,тертый сыр,креветки,макароны,макароны,минеральна€ вода,€йца,масло,шоколад,йогурт,цукини
травы и перец,€йца
цельнозерновые макароны,минеральна€ вода,низкокалорийный крем,курица,картофель-фри
картофель-фри,блинчики
минеральна€ вода,шоколад
шоколад,тертый сыр,минеральна€ вода,оливковое масло,зеленый чай
рис,торт,творог
индейка,креветки,макароны,минеральна€ вода,шоколад,молоко,лосось,овощна€ смесь,маффины,€йца,газированна€ вода,батончик без глютена
индейка,минеральна€ вода,растительное масло,шоколад,картофель-фри,протеиновый батончик
помидоры,томатный соус,макароны,минеральна€ вода,суп,оливковое масло,картофельное пюре,свежий хлеб,майонез,зеленый чай
томатный сок
индейка,гов€жий фарш,минеральна€ вода,шоколад,суп,блинчики,рис,низкокалорийный крем,морковь,майонез
креветки,макароны,минеральна€ вода,оливковое масло,блинчики,средство от насекомых,низкокалорийный йогурт
замороженные овощи,французское вино,блинчики,картофель-фри,шампанское,клубника
шоколад,креветки,макароны,макароны
шоколад
свежий тунец,пармезан,цельнозерновые макароны,французское вино,белый сыр,творог,пирожные,салат,м€та,зеленый чай
печенье,энергетический напиток
пармезан,шампанское,белое вино
красное вино,томатный соус,макароны,шоколад,оливковое масло,картофель-фри,соль,спаржа
суп,молоко
€йца,рис
пирожные
травы и перец,макароны,низкокалорийный йогурт
травы и перец
шоколад,эскалоп
гамбургер,лосось,блинчики,картофель-фри,замороженный смузи,свежий хлеб,м€та
индейка,гамбургер,десертное вино,креветки,макароны,помидоры,перец,молоко,блинчики,рис,масло,замороженный смузи
блинчики,низкокалорийный майонез
сливочное масло,низкокалорийный майонез,свежий хлеб
гамбургер,замороженные овощи,€йца,картофель-фри,журнал,зеленый чай
курица
эскалоп,зеленый чай
€йца,замороженный смузи,йогурт,низкокалорийный йогурт